dayofweek,date,deptime,arrtime,crsarrtime,uniquecarrier,airline,flightnum,tailnum,actualelapsedtime,crselapsedtime,airtime,arrdelay,depdelay,origin,org_airport,dest,dest_airport,distance,taxiin,taxiout,cancelled,cancellationcode,diverted,carrierdelay,weatherdelay,nasdelay,securitydelay,lateaircraftdelay,fl_date,total_delay,is_delayed,flight_route,weekday_name,is_duplicate
4,3/1/2019,1829,1959,1925,WN,Southwest Airlines Co.,3920,N464WN,90,90,77,34,34,IND,Indianapolis International Airport,BWI,Baltimore-Washington International Airport,515,3,10,0,N,0,2,0,0,0,32,3/1/2019,34,TRUE,IND-BWI,Friday,FALSE
4,3/1/2019,1937,2037,1940,WN,Southwest Airlines Co.,509,N763SW,240,250,230,57,67,IND,Indianapolis International Airport,LAS,McCarran International Airport,1591,3,7,0,N,0,10,0,0,0,47,3/1/2019,57,TRUE,IND-LAS,Friday,FALSE
4,3/1/2019,1644,1845,1725,WN,Southwest Airlines Co.,1333,N334SW,121,135,107,80,94,IND,Indianapolis International Airport,MCO,Orlando International Airport,828,6,8,0,N,0,8,0,0,0,72,3/1/2019,80,TRUE,IND-MCO,Friday,FALSE
4,3/1/2019,1452,1640,1625,WN,Southwest Airlines Co.,675,N286WN,228,240,213,15,27,IND,Indianapolis International Airport,PHX,Phoenix Sky Harbor International Airport,1489,7,8,0,N,0,3,0,0,0,12,3/1/2019,15,FALSE,IND-PHX,Friday,FALSE
4,3/1/2019,1323,1526,1510,WN,Southwest Airlines Co.,4,N674AA,123,135,110,16,28,IND,Indianapolis International Airport,TPA,Tampa International Airport,838,4,9,0,N,0,0,0,0,0,16,3/1/2019,16,TRUE,IND-TPA,Friday,FALSE
4,3/1/2019,1416,1512,1435,WN,Southwest Airlines Co.,54,N643SW,56,70,49,37,51,ISP,Long Island MacArthur Airport,BWI,Baltimore-Washington International Airport,220,2,5,0,N,0,12,0,0,0,25,3/1/2019,37,TRUE,ISP-BWI,Friday,FALSE
4,3/1/2019,1657,1754,1735,WN,Southwest Airlines Co.,623,N724SW,57,70,47,19,32,ISP,Long Island MacArthur Airport,BWI,Baltimore-Washington International Airport,220,5,5,0,N,0,7,0,0,0,12,3/1/2019,19,TRUE,ISP-BWI,Friday,FALSE
4,3/1/2019,1422,1657,1610,WN,Southwest Airlines Co.,188,N215WN,155,195,143,47,87,ISP,Long Island MacArthur Airport,FLL,Fort Lauderdale-Hollywood International Airport,1093,6,6,0,N,0,40,0,0,0,7,3/1/2019,47,TRUE,ISP-FLL,Friday,FALSE
4,3/1/2019,2107,2334,2230,WN,Southwest Airlines Co.,362,N798SW,147,165,134,64,82,ISP,Long Island MacArthur Airport,MCO,Orlando International Airport,972,6,7,0,N,0,5,0,0,0,59,3/1/2019,64,TRUE,ISP-MCO,Friday,FALSE
4,3/1/2019,1812,1927,1815,WN,Southwest Airlines Co.,422,N779SW,135,145,118,72,82,ISP,Long Island MacArthur Airport,MDW,Chicago Midway International Airport,765,6,11,0,N,0,3,0,0,0,69,3/1/2019,72,TRUE,ISP-MDW,Friday,FALSE
4,3/1/2019,1326,1559,1530,WN,Southwest Airlines Co.,1056,N459WN,153,180,143,29,56,ISP,Long Island MacArthur Airport,PBI,Palm Beach International Airport,1052,5,5,0,N,0,0,0,0,0,29,3/1/2019,29,TRUE,ISP-PBI,Friday,FALSE
4,3/1/2019,1450,1806,1745,WN,Southwest Airlines Co.,3244,N475WN,136,130,121,21,15,JAN,Jackson-Evers International Airport,BWI,Baltimore-Washington International Airport,888,7,8,0,N,0,0,0,6,0,15,3/1/2019,21,TRUE,JAN-BWI,Friday,FALSE
4,3/1/2019,2245,2354,1850,WN,Southwest Airlines Co.,186,N792SW,69,80,59,304,315,JAN,Jackson-Evers International Airport,HOU,William P. Hobby Airport,359,3,7,0,N,0,282,0,0,0,22,3/1/2019,304,TRUE,JAN-HOU,Friday,FALSE
4,3/1/2019,2025,2135,2100,WN,Southwest Airlines Co.,3154,N252WN,70,80,60,35,45,JAN,Jackson-Evers International Airport,HOU,William P. Hobby Airport,359,3,7,0,N,0,26,0,0,0,9,3/1/2019,35,TRUE,JAN-HOU,Friday,FALSE
4,3/1/2019,1038,1314,1225,WN,Southwest Airlines Co.,1035,N346SW,96,100,81,49,53,JAN,Jackson-Evers International Airport,MCO,Orlando International Airport,587,8,7,0,N,0,7,0,0,0,42,3/1/2019,49,TRUE,JAN-MCO,Friday,FALSE
4,3/1/2019,1900,2123,2045,WN,Southwest Airlines Co.,205,N299WN,143,115,97,38,10,JAN,Jackson-Evers International Airport,MDW,Chicago Midway International Airport,666,40,6,0,N,0,1,0,28,0,9,3/1/2019,38,TRUE,JAN-MDW,Friday,FALSE
4,3/1/2019,948,959,940,WN,Southwest Airlines Co.,3430,N487WN,71,75,59,19,23,JAX,Jacksonville International Airport,BHM,Birmingham-Shuttlesworth International Airport,365,3,9,0,N,0,0,0,0,0,19,3/1/2019,19,TRUE,JAX-BHM,Friday,FALSE
4,3/1/2019,646,725,655,WN,Southwest Airlines Co.,1580,N243WN,99,95,77,30,26,JAX,Jacksonville International Airport,BNA,Nashville International Airport,484,6,16,0,N,0,26,0,4,0,0,3/1/2019,30,TRUE,JAX-BNA,Friday,FALSE
4,3/1/2019,1110,1136,1110,WN,Southwest Airlines Co.,2195,N479WN,86,90,72,26,30,JAX,Jacksonville International Airport,BNA,Nashville International Airport,484,5,9,0,N,0,0,0,0,10,16,3/1/2019,26,TRUE,JAX-BNA,Friday,FALSE
4,3/1/2019,1813,1936,1905,WN,Southwest Airlines Co.,54,N643SW,143,150,125,31,38,JAX,Jacksonville International Airport,HOU,William P. Hobby Airport,816,6,12,0,N,0,11,0,0,0,20,3/1/2019,31,TRUE,JAX-HOU,Friday,FALSE
4,3/1/2019,1734,1941,1905,WN,Southwest Airlines Co.,23,N521SW,127,135,113,36,44,JAX,Jacksonville International Airport,PHL,Philadelphia International Airport,742,4,10,0,N,0,3,0,0,0,33,3/1/2019,36,TRUE,JAX-PHL,Friday,FALSE
4,3/1/2019,958,1052,950,WN,Southwest Airlines Co.,1574,N791SW,54,50,36,62,58,JAX,Jacksonville International Airport,TPA,Tampa International Airport,180,4,14,0,N,0,0,0,4,0,58,3/1/2019,62,TRUE,JAX-TPA,Friday,FALSE
4,3/1/2019,1538,1753,1710,WN,Southwest Airlines Co.,500,N799SW,75,85,60,43,53,LAS,McCarran International Airport,ABQ,Albuquerque International Sunport,487,4,11,0,N,0,15,0,0,0,28,3/1/2019,43,TRUE,LAS-ABQ,Friday,FALSE
4,3/1/2019,2248,102,2345,WN,Southwest Airlines Co.,890,N618WN,74,80,60,77,83,LAS,McCarran International Airport,ABQ,Albuquerque International Sunport,487,4,10,0,N,0,7,0,0,0,70,3/1/2019,77,TRUE,LAS-ABQ,Friday,FALSE
4,3/1/2019,1327,1550,1500,WN,Southwest Airlines Co.,1171,N682SW,83,90,65,50,57,LAS,McCarran International Airport,ABQ,Albuquerque International Sunport,487,3,15,0,N,0,50,0,0,0,0,3/1/2019,50,TRUE,LAS-ABQ,Friday,FALSE
4,3/1/2019,1832,148,30,WN,Southwest Airlines Co.,302,N473WN,256,275,243,78,97,LAS,McCarran International Airport,ALB,Albany International Airport,2237,3,10,0,N,0,8,0,0,0,70,3/1/2019,78,TRUE,LAS-ALB,Friday,FALSE
4,3/1/2019,1229,1633,1555,WN,Southwest Airlines Co.,1079,N351SW,124,120,91,38,34,LAS,McCarran International Airport,AMA,Rick Husband Amarillo International Airport,758,5,28,0,N,0,3,0,4,0,31,3/1/2019,38,TRUE,LAS-AMA,Friday,FALSE
4,3/1/2019,2118,144,50,WN,Southwest Airlines Co.,2021,N499WN,146,155,127,54,63,LAS,McCarran International Airport,AUS,Austin-Bergstrom International Airport,1090,5,14,0,N,0,23,0,0,0,31,3/1/2019,54,TRUE,LAS-AUS,Friday,FALSE
4,3/1/2019,1739,114,25,WN,Southwest Airlines Co.,1018,N245WN,275,285,253,49,59,LAS,McCarran International Airport,BDL,Bradley International Airport,2298,9,13,0,N,0,19,0,0,0,30,3/1/2019,49,TRUE,LAS-BDL,Friday,FALSE
4,3/1/2019,1325,1841,1810,WN,Southwest Airlines Co.,419,N275WN,196,210,178,31,45,LAS,McCarran International Airport,BNA,Nashville International Airport,1588,6,12,0,N,0,2,0,0,0,29,3/1/2019,31,TRUE,LAS-BNA,Friday,FALSE
4,3/1/2019,1506,2030,2010,WN,Southwest Airlines Co.,2032,N271WN,204,210,183,20,26,LAS,McCarran International Airport,BNA,Nashville International Airport,1588,6,15,0,N,0,18,0,0,0,2,3/1/2019,20,TRUE,LAS-BNA,Friday,FALSE
4,3/1/2019,2039,155,55,WN,Southwest Airlines Co.,3940,N434WN,196,205,177,60,69,LAS,McCarran International Airport,BNA,Nashville International Airport,1588,5,14,0,N,0,0,0,22,0,38,3/1/2019,60,TRUE,LAS-BNA,Friday,FALSE
4,3/1/2019,1611,1849,1825,WN,Southwest Airlines Co.,538,N619SW,98,110,73,24,36,LAS,McCarran International Airport,BOI,Boise Airport (Boise Air Terminal),520,3,22,0,N,0,9,0,0,0,15,3/1/2019,24,TRUE,LAS-BOI,Friday,FALSE
4,3/1/2019,1824,117,25,WN,Southwest Airlines Co.,2383,N290WN,233,250,221,52,69,LAS,McCarran International Airport,BUF,Buffalo Niagara International Airport,1987,2,10,0,N,0,48,0,0,0,4,3/1/2019,52,TRUE,LAS-BUF,Friday,FALSE
4,3/1/2019,2118,2224,2115,WN,Southwest Airlines Co.,219,N383SW,66,60,46,69,63,LAS,McCarran International Airport,BUR,Bob Hope Airport (Hollywood Burbank Airport),223,3,17,0,N,0,17,0,6,0,46,3/1/2019,69,TRUE,LAS-BUR,Friday,FALSE
4,3/1/2019,1818,1916,1840,WN,Southwest Airlines Co.,391,N608SW,58,60,46,36,38,LAS,McCarran International Airport,BUR,Bob Hope Airport (Hollywood Burbank Airport),223,2,10,0,N,0,20,0,0,0,16,3/1/2019,36,TRUE,LAS-BUR,Friday,FALSE
4,3/1/2019,2146,2250,2155,WN,Southwest Airlines Co.,815,N626SW,64,60,48,55,51,LAS,McCarran International Airport,BUR,Bob Hope Airport (Hollywood Burbank Airport),223,3,13,0,N,0,4,0,4,0,47,3/1/2019,55,TRUE,LAS-BUR,Friday,FALSE
4,3/1/2019,2241,2340,2010,WN,Southwest Airlines Co.,1072,N369SW,59,60,43,210,211,LAS,McCarran International Airport,BUR,Bob Hope Airport (Hollywood Burbank Airport),223,3,13,0,N,0,114,0,0,0,96,3/1/2019,210,TRUE,LAS-BUR,Friday,FALSE
4,3/1/2019,1726,1832,1740,WN,Southwest Airlines Co.,2284,N409WN,66,70,46,52,56,LAS,McCarran International Airport,BUR,Bob Hope Airport (Hollywood Burbank Airport),223,2,18,0,N,0,1,0,0,0,51,3/1/2019,52,TRUE,LAS-BUR,Friday,FALSE
4,3/1/2019,1229,1342,1325,WN,Southwest Airlines Co.,2874,N695SW,73,65,47,17,9,LAS,McCarran International Airport,BUR,Bob Hope Airport (Hollywood Burbank Airport),223,2,24,0,N,0,9,0,8,0,0,3/1/2019,17,TRUE,LAS-BUR,Friday,FALSE
4,3/1/2019,908,1628,1610,WN,Southwest Airlines Co.,1774,N220WN,260,265,244,18,23,LAS,McCarran International Airport,BWI,Baltimore-Washington International Airport,2106,6,10,0,N,0,18,0,0,0,0,3/1/2019,18,TRUE,LAS-BWI,Friday,FALSE
4,3/1/2019,1817,122,50,WN,Southwest Airlines Co.,2632,N784SW,245,260,230,32,47,LAS,McCarran International Airport,BWI,Baltimore-Washington International Airport,2106,5,10,0,N,0,7,0,0,0,25,3/1/2019,32,TRUE,LAS-BWI,Friday,FALSE
4,3/1/2019,1849,121,30,WN,Southwest Airlines Co.,564,N455WN,212,230,195,51,69,LAS,McCarran International Airport,CMH,Port Columbus International Airport,1772,2,15,0,N,0,10,0,0,0,41,3/1/2019,51,TRUE,LAS-CMH,Friday,FALSE
4,3/1/2019,1210,1905,1850,WN,Southwest Airlines Co.,991,N297WN,235,230,201,15,10,LAS,McCarran International Airport,CMH,Port Columbus International Airport,1772,6,28,0,N,0,10,0,5,0,0,3/1/2019,15,FALSE,LAS-CMH,Friday,FALSE
4,3/1/2019,2232,108,5,WN,Southwest Airlines Co.,632,N203WN,96,110,77,63,77,LAS,McCarran International Airport,DEN,Denver International Airport,629,6,13,0,N,0,0,0,7,0,56,3/1/2019,63,TRUE,LAS-DEN,Friday,FALSE
4,3/1/2019,1512,1802,1610,WN,Southwest Airlines Co.,706,N491WN,110,115,88,112,117,LAS,McCarran International Airport,DEN,Denver International Airport,629,8,14,0,N,0,0,0,0,0,112,3/1/2019,112,TRUE,LAS-DEN,Friday,FALSE
4,3/1/2019,2025,2301,2245,WN,Southwest Airlines Co.,908,N480WN,96,110,78,16,30,LAS,McCarran International Airport,DEN,Denver International Airport,629,6,12,0,N,0,7,0,0,0,9,3/1/2019,16,TRUE,LAS-DEN,Friday,FALSE
4,3/1/2019,1627,1916,1900,WN,Southwest Airlines Co.,2907,N647SW,109,120,80,16,27,LAS,McCarran International Airport,DEN,Denver International Airport,629,8,21,0,N,0,2,0,0,0,14,3/1/2019,16,TRUE,LAS-DEN,Friday,FALSE
4,3/1/2019,1745,2017,1945,WN,Southwest Airlines Co.,2192,N313SW,92,95,78,32,35,LAS,McCarran International Airport,ELP,El Paso International Airport,584,2,12,0,N,0,10,0,0,0,22,3/1/2019,32,TRUE,LAS-ELP,Friday,FALSE
4,3/1/2019,1725,1940,1850,WN,Southwest Airlines Co.,2803,N660SW,135,150,116,50,65,LAS,McCarran International Airport,GEG,Spokane International Airport,806,4,15,0,N,0,50,0,0,0,0,3/1/2019,50,TRUE,LAS-GEG,Friday,FALSE
4,3/1/2019,1824,2303,2230,WN,Southwest Airlines Co.,719,N414WN,159,175,143,33,49,LAS,McCarran International Airport,HOU,William P. Hobby Airport,1235,3,13,0,N,0,12,0,0,0,21,3/1/2019,33,TRUE,LAS-HOU,Friday,FALSE
4,3/1/2019,2051,134,55,WN,Southwest Airlines Co.,3746,N321SW,163,165,150,39,41,LAS,McCarran International Airport,HOU,William P. Hobby Airport,1235,4,9,0,N,0,17,0,0,0,22,3/1/2019,39,TRUE,LAS-HOU,Friday,FALSE
4,3/1/2019,1555,2307,2245,WN,Southwest Airlines Co.,1027,N230WN,252,260,232,22,30,LAS,McCarran International Airport,IAD,Washington Dulles International Airport,2066,7,13,0,N,0,6,0,0,0,16,3/1/2019,22,TRUE,LAS-IAD,Friday,FALSE
4,3/1/2019,2255,509,55,WN,Southwest Airlines Co.,1924,N761RR,194,215,176,254,275,LAS,McCarran International Airport,IND,Indianapolis International Airport,1591,9,9,0,N,0,0,0,0,8,246,3/1/2019,254,TRUE,LAS-IND,Friday,FALSE
4,3/1/2019,1129,1757,1725,WN,Southwest Airlines Co.,3920,N464WN,208,215,179,32,39,LAS,McCarran International Airport,IND,Indianapolis International Airport,1591,8,21,0,N,0,32,0,0,0,0,3/1/2019,32,TRUE,LAS-IND,Friday,FALSE
4,3/1/2019,1602,2357,2255,WN,Southwest Airlines Co.,3144,N272WN,295,285,269,62,52,LAS,McCarran International Airport,ISP,Long Island MacArthur Airport,2283,4,22,0,N,0,13,0,10,0,39,3/1/2019,62,TRUE,LAS-ISP,Friday,FALSE
4,3/1/2019,1738,1838,1820,WN,Southwest Airlines Co.,82,N499WN,60,65,42,18,23,LAS,McCarran International Airport,LAX,Los Angeles International Airport,236,6,12,0,N,0,0,0,0,12,6,3/1/2019,18,TRUE,LAS-LAX,Friday,FALSE
4,3/1/2019,1851,2004,1930,WN,Southwest Airlines Co.,317,N335SW,73,65,41,34,26,LAS,McCarran International Airport,LAX,Los Angeles International Airport,236,16,16,0,N,0,18,0,8,0,8,3/1/2019,34,TRUE,LAS-LAX,Friday,FALSE
4,3/1/2019,701,802,745,WN,Southwest Airlines Co.,337,N488WN,61,60,42,17,16,LAS,McCarran International Airport,LAX,Los Angeles International Airport,236,7,12,0,N,0,16,0,1,0,0,3/1/2019,17,TRUE,LAS-LAX,Friday,FALSE
4,3/1/2019,1556,1704,1600,WN,Southwest Airlines Co.,354,N496WN,68,65,41,64,61,LAS,McCarran International Airport,LAX,Los Angeles International Airport,236,9,18,0,N,0,61,0,3,0,0,3/1/2019,64,TRUE,LAS-LAX,Friday,FALSE
4,3/1/2019,1540,1648,1630,WN,Southwest Airlines Co.,1061,N422WN,68,65,47,18,15,LAS,McCarran International Airport,LAX,Los Angeles International Airport,236,5,16,0,N,0,10,0,3,0,5,3/1/2019,18,TRUE,LAS-LAX,Friday,FALSE
4,3/1/2019,1228,1340,1310,WN,Southwest Airlines Co.,1928,N792SW,72,70,43,30,28,LAS,McCarran International Airport,LAX,Los Angeles International Airport,236,7,22,0,N,0,0,0,2,0,28,3/1/2019,30,TRUE,LAS-LAX,Friday,FALSE
4,3/1/2019,2047,2209,2115,WN,Southwest Airlines Co.,2367,N352SW,82,70,45,54,42,LAS,McCarran International Airport,LAX,Los Angeles International Airport,236,7,30,0,N,0,15,0,12,0,27,3/1/2019,54,TRUE,LAS-LAX,Friday,FALSE
4,3/1/2019,2158,2303,2225,WN,Southwest Airlines Co.,2896,N335SW,65,65,44,38,38,LAS,McCarran International Airport,LAX,Los Angeles International Airport,236,11,10,0,N,0,13,0,0,0,25,3/1/2019,38,TRUE,LAS-LAX,Friday,FALSE
4,3/1/2019,1147,1541,1500,WN,Southwest Airlines Co.,2382,N404WN,114,120,90,41,47,LAS,McCarran International Airport,LBB,Lubbock Preston Smith International Airport,775,4,20,0,N,0,25,0,0,0,16,3/1/2019,41,TRUE,LAS-LBB,Friday,FALSE
4,3/1/2019,1140,1537,1510,WN,Southwest Airlines Co.,43,N617SW,117,120,95,27,30,LAS,McCarran International Airport,MAF,Midland International Airport,796,2,20,0,N,0,27,0,0,0,0,3/1/2019,27,TRUE,LAS-MAF,Friday,FALSE
4,3/1/2019,1226,1721,1700,WN,Southwest Airlines Co.,213,N302SW,175,170,139,21,16,LAS,McCarran International Airport,MCI,Kansas City International Airport,1140,4,32,0,N,0,1,0,5,0,15,3/1/2019,21,TRUE,LAS-MCI,Friday,FALSE
4,3/1/2019,2118,154,50,WN,Southwest Airlines Co.,411,N763SW,156,165,131,64,73,LAS,McCarran International Airport,MCI,Kansas City International Airport,1140,7,18,0,N,0,14,0,0,0,50,3/1/2019,64,TRUE,LAS-MCI,Friday,FALSE
4,3/1/2019,2003,26,2350,WN,Southwest Airlines Co.,1004,N676SW,143,165,130,36,58,LAS,McCarran International Airport,MCI,Kansas City International Airport,1140,5,8,0,N,0,4,0,0,0,32,3/1/2019,36,TRUE,LAS-MCI,Friday,FALSE
4,3/1/2019,1622,2059,2000,WN,Southwest Airlines Co.,1405,N775SW,157,170,130,59,72,LAS,McCarran International Airport,MCI,Kansas City International Airport,1140,4,23,0,N,0,59,0,0,0,0,3/1/2019,59,TRUE,LAS-MCI,Friday,FALSE
4,3/1/2019,1506,2122,2030,WN,Southwest Airlines Co.,74,N764SW,256,210,177,52,6,LAS,McCarran International Airport,MDW,Chicago Midway International Airport,1521,62,17,0,N,0,6,0,46,0,0,3/1/2019,52,TRUE,LAS-MDW,Friday,FALSE
4,3/1/2019,1211,1750,1720,WN,Southwest Airlines Co.,693,N232WN,219,215,175,30,26,LAS,McCarran International Airport,MDW,Chicago Midway International Airport,1521,23,21,0,N,0,0,0,4,0,26,3/1/2019,30,TRUE,LAS-MDW,Friday,FALSE
4,3/1/2019,1919,31,5,WN,Southwest Airlines Co.,2025,N740SW,192,200,171,26,34,LAS,McCarran International Airport,MDW,Chicago Midway International Airport,1521,8,13,0,N,0,4,0,0,0,22,3/1/2019,26,TRUE,LAS-MDW,Friday,FALSE
4,3/1/2019,1945,52,2335,WN,Southwest Airlines Co.,2450,N405WN,187,200,168,77,90,LAS,McCarran International Airport,MDW,Chicago Midway International Airport,1521,8,11,0,N,0,13,0,0,0,64,3/1/2019,77,TRUE,LAS-MDW,Friday,FALSE
4,3/1/2019,2057,202,50,WN,Southwest Airlines Co.,2794,N468WN,185,200,171,72,87,LAS,McCarran International Airport,MDW,Chicago Midway International Airport,1521,7,7,0,N,0,60,0,0,0,12,3/1/2019,72,TRUE,LAS-MDW,Friday,FALSE
4,3/1/2019,1354,1907,1845,WN,Southwest Airlines Co.,3232,N201LV,193,215,177,22,44,LAS,McCarran International Airport,MDW,Chicago Midway International Airport,1521,6,10,0,N,0,4,0,0,0,18,3/1/2019,22,TRUE,LAS-MDW,Friday,FALSE
4,3/1/2019,1903,5,2340,WN,Southwest Airlines Co.,3327,N282WN,182,195,166,25,38,LAS,McCarran International Airport,MSY,Louis Armstrong New Orleans International Airport,1501,4,12,0,N,0,3,0,0,0,22,3/1/2019,25,TRUE,LAS-MSY,Friday,FALSE
4,3/1/2019,1944,2110,1915,WN,Southwest Airlines Co.,223,N223WN,86,95,72,115,124,LAS,McCarran International Airport,OAK,Oakland International Airport,407,5,9,0,N,0,21,0,0,0,94,3/1/2019,115,TRUE,LAS-OAK,Friday,FALSE
4,3/1/2019,1251,1425,1345,WN,Southwest Airlines Co.,237,N281WN,94,100,76,40,46,LAS,McCarran International Airport,OAK,Oakland International Airport,407,3,15,0,N,0,2,0,0,0,38,3/1/2019,40,TRUE,LAS-OAK,Friday,FALSE
4,3/1/2019,1548,1728,1635,WN,Southwest Airlines Co.,280,N460WN,100,90,78,53,43,LAS,McCarran International Airport,OAK,Oakland International Airport,407,4,18,0,N,0,14,0,10,0,29,3/1/2019,53,TRUE,LAS-OAK,Friday,FALSE
4,3/1/2019,2216,2348,2255,WN,Southwest Airlines Co.,900,N679AA,92,90,78,53,51,LAS,McCarran International Airport,OAK,Oakland International Airport,407,4,10,0,N,0,11,0,2,0,40,3/1/2019,53,TRUE,LAS-OAK,Friday,FALSE
4,3/1/2019,2010,2203,2030,WN,Southwest Airlines Co.,962,N378SW,113,90,77,93,70,LAS,McCarran International Airport,OAK,Oakland International Airport,407,28,8,0,N,0,45,0,23,0,25,3/1/2019,93,TRUE,LAS-OAK,Friday,FALSE
4,3/1/2019,2035,2209,2150,WN,Southwest Airlines Co.,3135,N695SW,94,90,81,19,15,LAS,McCarran International Airport,OAK,Oakland International Airport,407,3,10,0,N,0,15,0,4,0,0,3/1/2019,19,TRUE,LAS-OAK,Friday,FALSE
4,3/1/2019,1435,1859,1755,WN,Southwest Airlines Co.,479,N622SW,144,160,132,64,80,LAS,McCarran International Airport,OMA,Eppley Airfield,1099,3,9,0,N,0,38,0,0,0,26,3/1/2019,64,TRUE,LAS-OMA,Friday,FALSE
4,3/1/2019,2049,106,2355,WN,Southwest Airlines Co.,875,N217JC,137,155,125,71,89,LAS,McCarran International Airport,OMA,Eppley Airfield,1099,2,10,0,N,0,32,0,0,0,39,3/1/2019,71,TRUE,LAS-OMA,Friday,FALSE
4,3/1/2019,2015,2101,2040,WN,Southwest Airlines Co.,725,N259WN,46,55,34,21,30,LAS,McCarran International Airport,ONT,Ontario International Airport,197,4,8,0,N,0,3,0,0,0,18,3/1/2019,21,TRUE,LAS-ONT,Friday,FALSE
4,3/1/2019,1102,1152,1125,WN,Southwest Airlines Co.,906,N301SW,50,55,36,27,32,LAS,McCarran International Airport,ONT,Ontario International Airport,197,3,11,0,N,0,27,0,0,0,0,3/1/2019,27,TRUE,LAS-ONT,Friday,FALSE
4,3/1/2019,2218,2308,2210,WN,Southwest Airlines Co.,1493,N356SW,50,50,36,58,58,LAS,McCarran International Airport,ONT,Ontario International Airport,197,5,9,0,N,0,0,0,20,0,38,3/1/2019,58,TRUE,LAS-ONT,Friday,FALSE
4,3/1/2019,1230,1331,1310,WN,Southwest Airlines Co.,2018,N313SW,61,55,36,21,15,LAS,McCarran International Airport,ONT,Ontario International Airport,197,4,21,0,N,0,0,0,6,0,15,3/1/2019,21,TRUE,LAS-ONT,Friday,FALSE
4,3/1/2019,1838,1930,1855,WN,Southwest Airlines Co.,2730,N273WN,52,55,32,35,38,LAS,McCarran International Airport,ONT,Ontario International Airport,197,3,17,0,N,0,0,0,0,0,35,3/1/2019,35,TRUE,LAS-ONT,Friday,FALSE
4,3/1/2019,1358,1449,1425,WN,Southwest Airlines Co.,3070,N660SW,51,55,37,24,28,LAS,McCarran International Airport,ONT,Ontario International Airport,197,4,10,0,N,0,4,0,0,0,20,3/1/2019,24,TRUE,LAS-ONT,Friday,FALSE
4,3/1/2019,1757,108,25,WN,Southwest Airlines Co.,156,N466WN,251,270,237,43,62,LAS,McCarran International Airport,ORF,Norfolk International Airport,2155,4,10,0,N,0,13,0,0,0,30,3/1/2019,43,TRUE,LAS-ORF,Friday,FALSE
4,3/1/2019,1328,1549,1520,WN,Southwest Airlines Co.,2354,N258WN,141,145,106,29,33,LAS,McCarran International Airport,PDX,Portland International Airport,762,22,13,0,N,0,24,0,0,0,5,3/1/2019,29,TRUE,LAS-PDX,Friday,FALSE
4,3/1/2019,2134,2343,2300,WN,Southwest Airlines Co.,2550,N608SW,129,140,112,43,54,LAS,McCarran International Airport,PDX,Portland International Airport,762,3,14,0,N,0,12,0,0,0,31,3/1/2019,43,TRUE,LAS-PDX,Friday,FALSE
4,3/1/2019,1127,1856,1835,WN,Southwest Airlines Co.,1285,N435WN,269,290,245,21,42,LAS,McCarran International Airport,PHL,Philadelphia International Airport,2176,5,19,0,N,0,18,0,0,0,3,3/1/2019,21,TRUE,LAS-PHL,Friday,FALSE
4,3/1/2019,712,932,915,WN,Southwest Airlines Co.,243,N228WN,80,70,49,17,7,LAS,McCarran International Airport,PHX,Phoenix Sky Harbor International Airport,256,7,24,0,N,0,0,0,10,0,7,3/1/2019,17,TRUE,LAS-PHX,Friday,FALSE
4,3/1/2019,1807,2011,1950,WN,Southwest Airlines Co.,559,N603SW,64,70,49,21,27,LAS,McCarran International Airport,PHX,Phoenix Sky Harbor International Airport,256,5,10,0,N,0,2,0,0,0,19,3/1/2019,21,TRUE,LAS-PHX,Friday,FALSE
4,3/1/2019,1712,1914,1750,WN,Southwest Airlines Co.,668,N221WN,62,65,48,84,87,LAS,McCarran International Airport,PHX,Phoenix Sky Harbor International Airport,256,4,10,0,N,0,6,0,0,0,78,3/1/2019,84,TRUE,LAS-PHX,Friday,FALSE
4,3/1/2019,1134,1343,1315,WN,Southwest Airlines Co.,781,N378SW,69,65,46,28,24,LAS,McCarran International Airport,PHX,Phoenix Sky Harbor International Airport,256,8,15,0,N,0,9,0,4,0,15,3/1/2019,28,TRUE,LAS-PHX,Friday,FALSE
4,3/1/2019,2156,2353,2310,WN,Southwest Airlines Co.,1403,N258WN,57,60,43,43,46,LAS,McCarran International Airport,PHX,Phoenix Sky Harbor International Airport,256,5,9,0,N,0,2,0,0,0,41,3/1/2019,43,TRUE,LAS-PHX,Friday,FALSE
4,3/1/2019,2140,2334,2240,WN,Southwest Airlines Co.,1682,N281WN,54,60,40,54,60,LAS,McCarran International Airport,PHX,Phoenix Sky Harbor International Airport,256,3,11,0,N,0,2,0,0,0,52,3/1/2019,54,TRUE,LAS-PHX,Friday,FALSE
4,3/1/2019,1521,1725,1655,WN,Southwest Airlines Co.,2726,N777QC,64,65,46,30,31,LAS,McCarran International Airport,PHX,Phoenix Sky Harbor International Airport,256,5,13,0,N,0,16,0,0,0,14,3/1/2019,30,TRUE,LAS-PHX,Friday,FALSE
4,3/1/2019,2100,2255,2150,WN,Southwest Airlines Co.,2991,N752SW,55,65,43,65,75,LAS,McCarran International Airport,PHX,Phoenix Sky Harbor International Airport,256,4,8,0,N,0,48,0,0,0,17,3/1/2019,65,TRUE,LAS-PHX,Friday,FALSE
4,3/1/2019,1657,1905,1845,WN,Southwest Airlines Co.,3517,N487WN,68,75,49,20,27,LAS,McCarran International Airport,PHX,Phoenix Sky Harbor International Airport,256,5,14,0,N,0,2,0,0,0,18,3/1/2019,20,TRUE,LAS-PHX,Friday,FALSE
4,3/1/2019,1825,114,50,WN,Southwest Airlines Co.,512,N794SW,229,245,210,24,40,LAS,McCarran International Airport,PIT,Pittsburgh International Airport,1910,6,13,0,N,0,10,0,0,0,14,3/1/2019,24,TRUE,LAS-PIT,Friday,FALSE
4,3/1/2019,1630,23,2350,WN,Southwest Airlines Co.,416,N401WN,293,290,266,33,30,LAS,McCarran International Airport,PVD,Theodore Francis Green State Airport,2363,4,23,0,N,0,6,0,3,0,24,3/1/2019,33,TRUE,LAS-PVD,Friday,FALSE
4,3/1/2019,1824,121,45,WN,Southwest Airlines Co.,1509,N403WN,237,260,222,36,59,LAS,McCarran International Airport,RDU,Raleigh-Durham International Airport,2027,2,13,0,N,0,27,0,0,0,9,3/1/2019,36,TRUE,LAS-RDU,Friday,FALSE
4,3/1/2019,1716,1830,1755,WN,Southwest Airlines Co.,239,N267WN,74,85,60,35,46,LAS,McCarran International Airport,RNO,Reno/Tahoe International Airport,345,4,10,0,N,0,11,0,0,0,24,3/1/2019,35,TRUE,LAS-RNO,Friday,FALSE
4,3/1/2019,1928,2034,2015,WN,Southwest Airlines Co.,298,N450WN,66,80,54,19,33,LAS,McCarran International Airport,RNO,Reno/Tahoe International Airport,345,4,8,0,N,0,9,0,0,0,10,3/1/2019,19,TRUE,LAS-RNO,Friday,FALSE
4,3/1/2019,1741,1905,1850,WN,Southwest Airlines Co.,675,N286WN,84,80,57,15,11,LAS,McCarran International Airport,RNO,Reno/Tahoe International Airport,345,14,13,0,N,0,0,0,4,0,11,3/1/2019,15,FALSE,LAS-RNO,Friday,FALSE
4,3/1/2019,1609,1732,1700,WN,Southwest Airlines Co.,709,N428WN,83,80,55,32,29,LAS,McCarran International Airport,RNO,Reno/Tahoe International Airport,345,7,21,0,N,0,26,0,3,0,3,3/1/2019,32,TRUE,LAS-RNO,Friday,FALSE
4,3/1/2019,913,1029,955,WN,Southwest Airlines Co.,891,N400WN,76,75,61,34,33,LAS,McCarran International Airport,RNO,Reno/Tahoe International Airport,345,3,12,0,N,0,8,0,1,0,25,3/1/2019,34,TRUE,LAS-RNO,Friday,FALSE
4,3/1/2019,2215,2334,2315,WN,Southwest Airlines Co.,1341,N442WN,79,75,57,19,15,LAS,McCarran International Airport,RNO,Reno/Tahoe International Airport,345,4,18,0,N,0,6,0,4,0,9,3/1/2019,19,TRUE,LAS-RNO,Friday,FALSE
4,3/1/2019,2137,2251,2155,WN,Southwest Airlines Co.,2273,N286WN,74,75,56,56,57,LAS,McCarran International Airport,RNO,Reno/Tahoe International Airport,345,4,14,0,N,0,0,0,0,0,56,3/1/2019,56,TRUE,LAS-RNO,Friday,FALSE
4,3/1/2019,1100,1210,1145,WN,Southwest Airlines Co.,2719,N466WN,70,85,54,25,40,LAS,McCarran International Airport,RNO,Reno/Tahoe International Airport,345,4,12,0,N,0,0,0,1,0,24,3/1/2019,25,TRUE,LAS-RNO,Friday,FALSE
4,3/1/2019,1313,1437,1415,WN,Southwest Airlines Co.,3430,N487WN,84,80,57,22,18,LAS,McCarran International Airport,RNO,Reno/Tahoe International Airport,345,4,23,0,N,0,8,0,4,0,10,3/1/2019,22,TRUE,LAS-RNO,Friday,FALSE
4,3/1/2019,1415,1527,1510,WN,Southwest Airlines Co.,3835,N610WN,72,80,56,17,25,LAS,McCarran International Airport,RNO,Reno/Tahoe International Airport,345,4,12,0,N,0,9,0,0,0,8,3/1/2019,17,TRUE,LAS-RNO,Friday,FALSE
4,3/1/2019,1348,1455,1435,WN,Southwest Airlines Co.,341,N315SW,67,65,51,20,18,LAS,McCarran International Airport,SAN,San Diego International Airport (Lindbergh Field),258,2,14,0,N,0,8,0,2,0,10,3/1/2019,20,TRUE,LAS-SAN,Friday,FALSE
4,3/1/2019,2140,2240,2150,WN,Southwest Airlines Co.,708,N692SW,60,60,45,50,50,LAS,McCarran International Airport,SAN,San Diego International Airport (Lindbergh Field),258,3,12,0,N,0,21,0,0,0,29,3/1/2019,50,TRUE,LAS-SAN,Friday,FALSE
4,3/1/2019,1643,1751,1735,WN,Southwest Airlines Co.,715,N902WN,68,70,46,16,18,LAS,McCarran International Airport,SAN,San Diego International Airport (Lindbergh Field),258,4,18,0,N,0,4,0,0,0,12,3/1/2019,16,TRUE,LAS-SAN,Friday,FALSE
4,3/1/2019,1839,1945,1840,WN,Southwest Airlines Co.,2186,N692SW,66,60,44,65,59,LAS,McCarran International Airport,SAN,San Diego International Airport (Lindbergh Field),258,4,18,0,N,0,5,0,6,0,54,3/1/2019,65,TRUE,LAS-SAN,Friday,FALSE
4,3/1/2019,2207,2307,2225,WN,Southwest Airlines Co.,2211,N646SW,60,60,49,42,42,LAS,McCarran International Airport,SAN,San Diego International Airport (Lindbergh Field),258,3,8,0,N,0,17,0,0,0,25,3/1/2019,42,TRUE,LAS-SAN,Friday,FALSE
4,3/1/2019,1503,1604,1530,WN,Southwest Airlines Co.,2357,N414WN,61,65,48,34,38,LAS,McCarran International Airport,SAN,San Diego International Airport (Lindbergh Field),258,3,10,0,N,0,9,0,0,0,25,3/1/2019,34,TRUE,LAS-SAN,Friday,FALSE
4,3/1/2019,1613,1727,1615,WN,Southwest Airlines Co.,2363,N405WN,74,60,47,72,58,LAS,McCarran International Airport,SAN,San Diego International Airport (Lindbergh Field),258,3,24,0,N,0,0,0,19,0,53,3/1/2019,72,TRUE,LAS-SAN,Friday,FALSE
4,3/1/2019,2248,2346,2255,WN,Southwest Airlines Co.,2449,N454WN,58,60,45,51,53,LAS,McCarran International Airport,SAN,San Diego International Airport (Lindbergh Field),258,3,10,0,N,0,12,0,0,0,39,3/1/2019,51,TRUE,LAS-SAN,Friday,FALSE
4,3/1/2019,2022,36,5,WN,Southwest Airlines Co.,802,N902WN,134,150,122,31,47,LAS,McCarran International Airport,SAT,San Antonio International Airport,1069,2,10,0,N,0,23,0,0,0,8,3/1/2019,31,TRUE,LAS-SAT,Friday,FALSE
4,3/1/2019,1831,110,45,WN,Southwest Airlines Co.,495,N768SW,219,215,192,25,21,LAS,McCarran International Airport,SDF,Louisville International Airport (Standiford Field),1624,9,18,0,N,0,18,0,4,0,3,3/1/2019,25,TRUE,LAS-SDF,Friday,FALSE
4,3/1/2019,1426,1605,1530,WN,Southwest Airlines Co.,488,N615SW,99,95,75,35,31,LAS,McCarran International Airport,SFO,San Francisco International Airport,414,3,21,0,N,0,0,0,22,0,13,3/1/2019,35,TRUE,LAS-SFO,Friday,FALSE
4,3/1/2019,1009,1148,1045,WN,Southwest Airlines Co.,619,N491WN,99,95,76,63,59,LAS,McCarran International Airport,SFO,San Francisco International Airport,414,3,20,0,N,0,0,0,54,0,9,3/1/2019,63,TRUE,LAS-SFO,Friday,FALSE
4,3/1/2019,2021,2303,1835,WN,Southwest Airlines Co.,2005,N302SW,162,95,73,268,201,LAS,McCarran International Airport,SFO,San Francisco International Airport,414,4,85,0,N,0,192,0,67,0,9,3/1/2019,268,TRUE,LAS-SFO,Friday,FALSE
4,3/1/2019,2025,2208,2040,WN,Southwest Airlines Co.,2788,N602SW,103,95,88,88,80,LAS,McCarran International Airport,SFO,San Francisco International Airport,414,4,11,0,N,0,0,0,63,0,25,3/1/2019,88,TRUE,LAS-SFO,Friday,FALSE
4,3/1/2019,2301,59,2240,WN,Southwest Airlines Co.,3061,N447WN,118,95,98,139,116,LAS,McCarran International Airport,SFO,San Francisco International Airport,414,4,16,0,N,0,0,0,131,0,8,3/1/2019,139,TRUE,LAS-SFO,Friday,FALSE
4,3/1/2019,1518,1646,1350,WN,Southwest Airlines Co.,3575,N492WN,88,95,72,176,183,LAS,McCarran International Airport,SFO,San Francisco International Airport,414,4,12,0,N,0,0,0,176,0,0,3/1/2019,176,TRUE,LAS-SFO,Friday,FALSE
4,3/1/2019,1307,1432,1400,WN,Southwest Airlines Co.,12,N361SW,85,85,71,32,32,LAS,McCarran International Airport,SJC,Norman Y. Mineta San José International Airport,386,4,10,0,N,0,4,0,0,0,28,3/1/2019,32,TRUE,LAS-SJC,Friday,FALSE
4,3/1/2019,2017,2144,2105,WN,Southwest Airlines Co.,400,N429WN,87,80,70,39,32,LAS,McCarran International Airport,SJC,Norman Y. Mineta San José International Airport,386,4,13,0,N,0,2,0,7,0,30,3/1/2019,39,TRUE,LAS-SJC,Friday,FALSE
4,3/1/2019,2114,2241,2200,WN,Southwest Airlines Co.,774,N437WN,87,80,69,41,34,LAS,McCarran International Airport,SJC,Norman Y. Mineta San José International Airport,386,8,10,0,N,0,34,0,7,0,0,3/1/2019,41,TRUE,LAS-SJC,Friday,FALSE
4,3/1/2019,1605,1739,1645,WN,Southwest Airlines Co.,783,N306SW,94,85,68,54,45,LAS,McCarran International Airport,SJC,Norman Y. Mineta San José International Airport,386,5,21,0,N,0,10,0,9,0,35,3/1/2019,54,TRUE,LAS-SJC,Friday,FALSE
4,3/1/2019,1734,1857,1820,WN,Southwest Airlines Co.,3844,N446WN,83,85,66,37,39,LAS,McCarran International Airport,SJC,Norman Y. Mineta San José International Airport,386,5,12,0,N,0,9,0,0,0,28,3/1/2019,37,TRUE,LAS-SJC,Friday,FALSE
4,3/1/2019,1139,1408,1320,WN,Southwest Airlines Co.,161,N455WN,89,80,54,48,39,LAS,McCarran International Airport,SLC,Salt Lake City International Airport,368,6,29,0,N,0,39,0,9,0,0,3/1/2019,48,TRUE,LAS-SLC,Friday,FALSE
4,3/1/2019,2104,2314,2120,WN,Southwest Airlines Co.,415,N395SW,70,75,58,114,119,LAS,McCarran International Airport,SLC,Salt Lake City International Airport,368,2,10,0,N,0,25,0,0,0,89,3/1/2019,114,TRUE,LAS-SLC,Friday,FALSE
4,3/1/2019,919,1132,1050,WN,Southwest Airlines Co.,643,N756SA,73,80,55,42,49,LAS,McCarran International Airport,SLC,Salt Lake City International Airport,368,4,14,0,N,0,3,0,0,0,39,3/1/2019,42,TRUE,LAS-SLC,Friday,FALSE
4,3/1/2019,2113,2328,2305,WN,Southwest Airlines Co.,1166,N351SW,75,75,58,23,23,LAS,McCarran International Airport,SLC,Salt Lake City International Airport,368,3,14,0,N,0,4,0,0,0,19,3/1/2019,23,TRUE,LAS-SLC,Friday,FALSE
4,3/1/2019,1712,1935,1820,WN,Southwest Airlines Co.,1585,N766SW,83,85,62,75,77,LAS,McCarran International Airport,SLC,Salt Lake City International Airport,368,4,17,0,N,0,0,0,6,0,69,3/1/2019,75,TRUE,LAS-SLC,Friday,FALSE
4,3/1/2019,2242,54,2355,WN,Southwest Airlines Co.,2533,N385SW,72,75,55,59,62,LAS,McCarran International Airport,SLC,Salt Lake City International Airport,368,4,13,0,N,0,0,0,10,0,49,3/1/2019,59,TRUE,LAS-SLC,Friday,FALSE
4,3/1/2019,1949,2110,2035,WN,Southwest Airlines Co.,94,N715SW,81,85,66,35,39,LAS,McCarran International Airport,SMF,Sacramento International Airport,397,5,10,0,N,0,25,0,0,0,10,3/1/2019,35,TRUE,LAS-SMF,Friday,FALSE
4,3/1/2019,1409,1539,1520,WN,Southwest Airlines Co.,584,N324SW,90,90,74,19,19,LAS,McCarran International Airport,SMF,Sacramento International Airport,397,6,10,0,N,0,19,0,0,0,0,3/1/2019,19,TRUE,LAS-SMF,Friday,FALSE
4,3/1/2019,1821,1946,1855,WN,Southwest Airlines Co.,641,N626SW,85,85,67,51,51,LAS,McCarran International Airport,SMF,Sacramento International Airport,397,6,12,0,N,0,9,0,0,0,42,3/1/2019,51,TRUE,LAS-SMF,Friday,FALSE
4,3/1/2019,1917,2014,1925,WN,Southwest Airlines Co.,433,N264LV,57,65,40,49,57,LAS,McCarran International Airport,SNA,John Wayne Airport (Orange County Airport),226,7,10,0,N,0,16,0,0,0,33,3/1/2019,49,TRUE,LAS-SNA,Friday,FALSE
4,3/1/2019,1125,1224,1110,WN,Southwest Airlines Co.,1016,N765SW,59,60,45,74,75,LAS,McCarran International Airport,SNA,John Wayne Airport (Orange County Airport),226,5,9,0,N,0,9,0,0,0,65,3/1/2019,74,TRUE,LAS-SNA,Friday,FALSE
4,3/1/2019,1143,1641,1600,WN,Southwest Airlines Co.,773,N472WN,178,190,151,41,53,LAS,McCarran International Airport,STL,St. Louis International Airport at Lambert Field,1372,3,24,0,N,0,2,0,0,0,39,3/1/2019,41,TRUE,LAS-STL,Friday,FALSE
4,3/1/2019,1940,29,2355,WN,Southwest Airlines Co.,1583,N600WN,169,180,157,34,45,LAS,McCarran International Airport,STL,St. Louis International Airport at Lambert Field,1372,3,9,0,N,0,22,0,0,0,12,3/1/2019,34,TRUE,LAS-STL,Friday,FALSE
4,3/1/2019,1820,112,35,WN,Southwest Airlines Co.,3403,N737JW,232,250,217,37,55,LAS,McCarran International Airport,TPA,Tampa International Airport,1984,5,10,0,N,0,29,0,0,0,8,3/1/2019,37,TRUE,LAS-TPA,Friday,FALSE
4,3/1/2019,1143,1621,1505,WN,Southwest Airlines Co.,574,N314SW,158,150,126,76,68,LAS,McCarran International Airport,TUL,Tulsa International Airport,1076,3,29,0,N,0,0,0,14,0,62,3/1/2019,76,TRUE,LAS-TUL,Friday,FALSE
4,3/1/2019,2211,17,2330,WN,Southwest Airlines Co.,486,N264LV,66,75,53,47,56,LAS,McCarran International Airport,TUS,Tucson International Airport,365,4,9,0,N,0,5,0,0,0,42,3/1/2019,47,TRUE,LAS-TUS,Friday,FALSE
4,3/1/2019,1821,2032,1940,WN,Southwest Airlines Co.,637,N342SW,71,75,56,52,56,LAS,McCarran International Airport,TUS,Tucson International Airport,365,4,11,0,N,0,24,0,0,0,28,3/1/2019,52,TRUE,LAS-TUS,Friday,FALSE
4,3/1/2019,1341,1556,1535,WN,Southwest Airlines Co.,1918,N267WN,75,75,55,21,21,LAS,McCarran International Airport,TUS,Tucson International Airport,365,3,17,0,N,0,8,0,0,0,13,3/1/2019,21,TRUE,LAS-TUS,Friday,FALSE
4,3/1/2019,2108,2313,2240,WN,Southwest Airlines Co.,3142,N446WN,65,70,53,33,38,LAS,McCarran International Airport,TUS,Tucson International Airport,365,4,8,0,N,0,8,0,0,0,25,3/1/2019,33,TRUE,LAS-TUS,Friday,FALSE
4,3/1/2019,1118,1333,1305,WN,Southwest Airlines Co.,3572,N489WN,75,75,54,28,28,LAS,McCarran International Airport,TUS,Tucson International Airport,365,3,18,0,N,0,0,0,0,0,28,3/1/2019,28,TRUE,LAS-TUS,Friday,FALSE
4,3/1/2019,1735,2010,1955,WN,Southwest Airlines Co.,230,N364SW,95,105,81,15,25,LAX,Los Angeles International Airport,ABQ,Albuquerque International Sunport,677,4,10,0,N,0,0,0,4,0,11,3/1/2019,15,FALSE,LAX-ABQ,Friday,FALSE
4,3/1/2019,2105,2342,2310,WN,Southwest Airlines Co.,361,N690SW,97,105,82,32,40,LAX,Los Angeles International Airport,ABQ,Albuquerque International Sunport,677,6,9,0,N,0,0,0,11,0,21,3/1/2019,32,TRUE,LAX-ABQ,Friday,FALSE
4,3/1/2019,1632,2207,2125,WN,Southwest Airlines Co.,1107,N708SA,215,225,203,42,52,LAX,Los Angeles International Airport,BNA,Nashville International Airport,1797,4,8,0,N,0,0,0,18,0,24,3/1/2019,42,TRUE,LAX-BNA,Friday,FALSE
4,3/1/2019,1327,1902,1840,WN,Southwest Airlines Co.,1324,N249WN,215,225,200,22,32,LAX,Los Angeles International Airport,BNA,Nashville International Airport,1797,4,11,0,N,0,10,0,0,0,12,3/1/2019,22,TRUE,LAX-BNA,Friday,FALSE
4,3/1/2019,1925,2201,2025,WN,Southwest Airlines Co.,1671,N684WN,96,110,85,96,110,LAX,Los Angeles International Airport,ELP,El Paso International Airport,714,3,8,0,N,0,5,0,0,0,91,3/1/2019,96,TRUE,LAX-ELP,Friday,FALSE
4,3/1/2019,1005,1250,1235,WN,Southwest Airlines Co.,2635,N335SW,105,110,88,15,20,LAX,Los Angeles International Airport,ELP,El Paso International Airport,714,3,14,0,N,0,7,0,0,0,8,3/1/2019,15,FALSE,LAX-ELP,Friday,FALSE
4,3/1/2019,1742,2231,2125,WN,Southwest Airlines Co.,528,N496WN,169,180,157,66,77,LAX,Los Angeles International Airport,HOU,William P. Hobby Airport,1390,4,8,0,N,0,11,0,0,0,55,3/1/2019,66,TRUE,LAX-HOU,Friday,FALSE
4,3/1/2019,2020,109,35,WN,Southwest Airlines Co.,3394,N667SW,169,180,159,34,45,LAX,Los Angeles International Airport,HOU,William P. Hobby Airport,1390,3,7,0,N,0,6,0,0,0,28,3/1/2019,34,TRUE,LAX-HOU,Friday,FALSE
4,3/1/2019,1501,1554,1530,WN,Southwest Airlines Co.,416,N401WN,53,65,41,24,36,LAX,Los Angeles International Airport,LAS,McCarran International Airport,236,4,8,0,N,0,18,0,0,0,6,3/1/2019,24,TRUE,LAX-LAS,Friday,FALSE
4,3/1/2019,1205,1313,1240,WN,Southwest Airlines Co.,479,N622SW,68,65,47,33,30,LAX,Los Angeles International Airport,LAS,McCarran International Airport,236,3,18,0,N,0,16,0,3,0,14,3/1/2019,33,TRUE,LAX-LAS,Friday,FALSE
4,3/1/2019,922,1102,1000,WN,Southwest Airlines Co.,574,N314SW,100,65,44,62,27,LAX,Los Angeles International Airport,LAS,McCarran International Airport,236,4,52,0,N,0,13,0,35,0,14,3/1/2019,62,TRUE,LAX-LAS,Friday,FALSE
4,3/1/2019,1835,1931,1840,WN,Southwest Airlines Co.,1004,N676SW,56,60,42,51,55,LAX,Los Angeles International Airport,LAS,McCarran International Airport,236,6,8,0,N,0,0,0,4,0,47,3/1/2019,51,TRUE,LAX-LAS,Friday,FALSE
4,3/1/2019,1027,1151,1120,WN,Southwest Airlines Co.,1079,N351SW,84,65,43,31,12,LAX,Los Angeles International Airport,LAS,McCarran International Airport,236,22,19,0,N,0,11,0,19,0,1,3/1/2019,31,TRUE,LAX-LAS,Friday,FALSE
4,3/1/2019,1910,2026,1950,WN,Southwest Airlines Co.,2021,N499WN,76,65,42,36,25,LAX,Los Angeles International Airport,LAS,McCarran International Airport,236,25,9,0,N,0,7,0,11,0,18,3/1/2019,36,TRUE,LAX-LAS,Friday,FALSE
4,3/1/2019,2237,2335,2245,WN,Southwest Airlines Co.,2454,N352SW,58,65,47,50,57,LAX,Los Angeles International Airport,LAS,McCarran International Airport,236,3,8,0,N,0,3,0,0,0,47,3/1/2019,50,TRUE,LAX-LAS,Friday,FALSE
4,3/1/2019,2025,2120,2055,WN,Southwest Airlines Co.,2809,N335SW,55,60,43,25,30,LAX,Los Angeles International Airport,LAS,McCarran International Airport,236,4,8,0,N,0,0,0,0,0,25,3/1/2019,25,TRUE,LAX-LAS,Friday,FALSE
4,3/1/2019,1423,1519,1440,WN,Southwest Airlines Co.,3144,N272WN,56,65,42,39,48,LAX,Los Angeles International Airport,LAS,McCarran International Airport,236,5,9,0,N,0,11,0,0,0,28,3/1/2019,39,TRUE,LAX-LAS,Friday,FALSE
4,3/1/2019,1928,22,2345,WN,Southwest Airlines Co.,2208,N632SW,174,190,159,37,53,LAX,Los Angeles International Airport,MCI,Kansas City International Airport,1363,6,9,0,N,0,17,0,0,0,20,3/1/2019,37,TRUE,LAX-MCI,Friday,FALSE
4,3/1/2019,1713,2242,2215,WN,Southwest Airlines Co.,108,N550WN,209,230,192,27,48,LAX,Los Angeles International Airport,MDW,Chicago Midway International Airport,1750,7,10,0,N,0,5,0,0,0,22,3/1/2019,27,TRUE,LAX-MDW,Friday,FALSE
4,3/1/2019,1453,2130,2040,WN,Southwest Airlines Co.,771,N486WN,277,235,202,50,8,LAX,Los Angeles International Airport,MDW,Chicago Midway International Airport,1750,64,11,0,N,0,0,0,42,0,8,3/1/2019,50,TRUE,LAX-MDW,Friday,FALSE
4,3/1/2019,1030,1142,1115,WN,Southwest Airlines Co.,184,N473WN,72,75,62,27,30,LAX,Los Angeles International Airport,OAK,Oakland International Airport,337,3,7,0,N,0,0,0,0,0,27,3/1/2019,27,TRUE,LAX-OAK,Friday,FALSE
4,3/1/2019,2004,2127,2015,WN,Southwest Airlines Co.,303,N683SW,83,75,66,72,64,LAX,Los Angeles International Airport,OAK,Oakland International Airport,337,4,13,0,N,0,0,0,13,0,59,3/1/2019,72,TRUE,LAX-OAK,Friday,FALSE
4,3/1/2019,923,1114,1015,WN,Southwest Airlines Co.,418,N631SW,111,75,63,59,23,LAX,Los Angeles International Airport,OAK,Oakland International Airport,337,4,44,0,N,0,0,0,36,0,23,3/1/2019,59,TRUE,LAX-OAK,Friday,FALSE
4,3/1/2019,1419,1534,1515,WN,Southwest Airlines Co.,420,N268WN,75,75,65,19,19,LAX,Los Angeles International Airport,OAK,Oakland International Airport,337,4,6,0,N,0,12,0,0,0,7,3/1/2019,19,TRUE,LAX-OAK,Friday,FALSE
4,3/1/2019,1522,1638,1615,WN,Southwest Airlines Co.,430,N752SW,76,75,65,23,22,LAX,Los Angeles International Airport,OAK,Oakland International Airport,337,5,6,0,N,0,7,0,1,0,15,3/1/2019,23,TRUE,LAX-OAK,Friday,FALSE
4,3/1/2019,1803,1933,1845,WN,Southwest Airlines Co.,440,N720WN,90,75,67,48,33,LAX,Los Angeles International Airport,OAK,Oakland International Airport,337,5,18,0,N,0,6,0,15,0,27,3/1/2019,48,TRUE,LAX-OAK,Friday,FALSE
4,3/1/2019,2146,2304,2215,WN,Southwest Airlines Co.,724,N342SW,78,75,65,49,46,LAX,Los Angeles International Airport,OAK,Oakland International Airport,337,4,9,0,N,0,0,0,3,0,46,3/1/2019,49,TRUE,LAX-OAK,Friday,FALSE
4,3/1/2019,2001,2118,2045,WN,Southwest Airlines Co.,810,N648SW,77,75,64,33,31,LAX,Los Angeles International Airport,OAK,Oakland International Airport,337,4,9,0,N,0,0,0,2,0,31,3/1/2019,33,TRUE,LAX-OAK,Friday,FALSE
4,3/1/2019,1827,1945,1915,WN,Southwest Airlines Co.,829,N476WN,78,75,63,30,27,LAX,Los Angeles International Airport,OAK,Oakland International Airport,337,4,11,0,N,0,0,0,3,0,27,3/1/2019,30,TRUE,LAX-OAK,Friday,FALSE
4,3/1/2019,1904,2019,1945,WN,Southwest Airlines Co.,1026,N224WN,75,75,64,34,34,LAX,Los Angeles International Airport,OAK,Oakland International Airport,337,6,5,0,N,0,0,0,0,0,34,3/1/2019,34,TRUE,LAX-OAK,Friday,FALSE
4,3/1/2019,1450,1607,1545,WN,Southwest Airlines Co.,1032,N489WN,77,75,64,22,20,LAX,Los Angeles International Airport,OAK,Oakland International Airport,337,5,8,0,N,0,0,0,2,0,20,3/1/2019,22,TRUE,LAX-OAK,Friday,FALSE
4,3/1/2019,1722,1836,1815,WN,Southwest Airlines Co.,1061,N422WN,74,75,63,21,22,LAX,Los Angeles International Airport,OAK,Oakland International Airport,337,4,7,0,N,0,4,0,0,0,17,3/1/2019,21,TRUE,LAX-OAK,Friday,FALSE
4,3/1/2019,1820,1943,1745,WN,Southwest Airlines Co.,1135,N304SW,83,75,71,118,110,LAX,Los Angeles International Airport,OAK,Oakland International Airport,337,4,8,0,N,0,0,0,8,3,107,3/1/2019,118,TRUE,LAX-OAK,Friday,FALSE
4,3/1/2019,1623,1753,1715,WN,Southwest Airlines Co.,1168,N361SW,90,75,70,38,23,LAX,Los Angeles International Airport,OAK,Oakland International Airport,337,13,7,0,N,0,0,0,15,0,23,3/1/2019,38,TRUE,LAX-OAK,Friday,FALSE
4,3/1/2019,2008,2136,2115,WN,Southwest Airlines Co.,1414,N402WN,88,75,67,21,8,LAX,Los Angeles International Airport,OAK,Oakland International Airport,337,5,16,0,N,0,5,0,13,0,3,3/1/2019,21,TRUE,LAX-OAK,Friday,FALSE
4,3/1/2019,1811,2016,1940,WN,Southwest Airlines Co.,109,N269WN,65,75,52,36,46,LAX,Los Angeles International Airport,PHX,Phoenix Sky Harbor International Airport,370,6,7,0,N,0,5,0,0,0,31,3/1/2019,36,TRUE,LAX-PHX,Friday,FALSE
4,3/1/2019,2020,2225,2115,WN,Southwest Airlines Co.,386,N718SW,65,70,56,70,75,LAX,Los Angeles International Airport,PHX,Phoenix Sky Harbor International Airport,370,4,5,0,N,0,0,0,0,0,70,3/1/2019,70,TRUE,LAX-PHX,Friday,FALSE
4,3/1/2019,2116,2318,2250,WN,Southwest Airlines Co.,520,N283WN,62,70,53,28,36,LAX,Los Angeles International Airport,PHX,Phoenix Sky Harbor International Airport,370,3,6,0,N,0,5,0,0,0,23,3/1/2019,28,TRUE,LAX-PHX,Friday,FALSE
4,3/1/2019,1556,1804,1655,WN,Southwest Airlines Co.,746,N637SW,68,75,52,69,76,LAX,Los Angeles International Airport,PHX,Phoenix Sky Harbor International Airport,370,4,12,0,N,0,69,0,0,0,0,3/1/2019,69,TRUE,LAX-PHX,Friday,FALSE
4,3/1/2019,1040,1241,1220,WN,Southwest Airlines Co.,1058,N202WN,61,75,50,21,35,LAX,Los Angeles International Airport,PHX,Phoenix Sky Harbor International Airport,370,4,7,0,N,0,15,0,0,0,6,3/1/2019,21,TRUE,LAX-PHX,Friday,FALSE
4,3/1/2019,1419,1624,1550,WN,Southwest Airlines Co.,2015,N792SW,65,75,53,34,44,LAX,Los Angeles International Airport,PHX,Phoenix Sky Harbor International Airport,370,3,9,0,N,0,11,0,0,0,23,3/1/2019,34,TRUE,LAX-PHX,Friday,FALSE
4,3/1/2019,2321,38,2115,WN,Southwest Airlines Co.,593,N901WN,77,80,65,203,206,LAX,Los Angeles International Airport,SFO,San Francisco International Airport,337,6,6,0,N,0,0,0,203,0,0,3/1/2019,203,TRUE,LAX-SFO,Friday,FALSE
4,3/1/2019,2008,2139,1930,WN,Southwest Airlines Co.,646,N738CB,91,85,70,129,123,LAX,Los Angeles International Airport,SFO,San Francisco International Airport,337,5,16,0,N,0,0,24,6,0,99,3/1/2019,129,TRUE,LAX-SFO,Friday,FALSE
4,3/1/2019,1625,1748,1550,WN,Southwest Airlines Co.,656,N738CB,83,80,67,118,115,LAX,Los Angeles International Airport,SFO,San Francisco International Airport,337,3,13,0,N,0,0,0,5,0,113,3/1/2019,118,TRUE,LAX-SFO,Friday,FALSE
4,3/1/2019,1305,1421,1210,WN,Southwest Airlines Co.,680,N738CB,76,80,63,131,135,LAX,Los Angeles International Airport,SFO,San Francisco International Airport,337,5,8,0,N,0,0,0,131,0,0,3/1/2019,131,TRUE,LAX-SFO,Friday,FALSE
4,3/1/2019,1558,1709,1405,WN,Southwest Airlines Co.,776,N901WN,71,80,60,184,193,LAX,Los Angeles International Airport,SFO,San Francisco International Airport,337,7,4,0,N,0,184,0,0,0,0,3/1/2019,184,TRUE,LAX-SFO,Friday,FALSE
4,3/1/2019,1600,1714,1600,WN,Southwest Airlines Co.,173,N331SW,74,65,54,74,65,LAX,Los Angeles International Airport,SJC,Norman Y. Mineta San José International Airport,308,5,15,0,N,0,14,0,9,0,51,3/1/2019,74,TRUE,LAX-SJC,Friday,FALSE
4,3/1/2019,1556,1705,1630,WN,Southwest Airlines Co.,232,N740SW,69,65,53,35,31,LAX,Los Angeles International Airport,SJC,Norman Y. Mineta San José International Airport,308,3,13,0,N,0,0,0,18,0,17,3/1/2019,35,TRUE,LAX-SJC,Friday,FALSE
4,3/1/2019,2056,2203,2105,WN,Southwest Airlines Co.,343,N687SW,67,65,56,58,56,LAX,Los Angeles International Airport,SJC,Norman Y. Mineta San José International Airport,308,5,6,0,N,0,21,0,2,0,35,3/1/2019,58,TRUE,LAX-SJC,Friday,FALSE
4,3/1/2019,1159,1259,1235,WN,Southwest Airlines Co.,769,N608SW,60,65,48,24,29,LAX,Los Angeles International Airport,SJC,Norman Y. Mineta San José International Airport,308,5,7,0,N,0,0,0,9,0,15,3/1/2019,24,TRUE,LAX-SJC,Friday,FALSE
4,3/1/2019,2140,2249,2140,WN,Southwest Airlines Co.,1113,N731SA,69,65,54,69,65,LAX,Los Angeles International Airport,SJC,Norman Y. Mineta San José International Airport,308,6,9,0,N,0,0,12,4,0,53,3/1/2019,69,TRUE,LAX-SJC,Friday,FALSE
4,3/1/2019,1455,1557,1530,WN,Southwest Airlines Co.,1609,N676SW,62,65,49,27,30,LAX,Los Angeles International Airport,SJC,Norman Y. Mineta San José International Airport,308,5,8,0,N,0,23,0,0,0,4,3/1/2019,27,TRUE,LAX-SJC,Friday,FALSE
4,3/1/2019,1925,2024,1930,WN,Southwest Airlines Co.,2359,N385SW,59,65,49,54,60,LAX,Los Angeles International Airport,SJC,Norman Y. Mineta San José International Airport,308,3,7,0,N,0,0,0,6,0,48,3/1/2019,54,TRUE,LAX-SJC,Friday,FALSE
4,3/1/2019,1311,1414,1350,WN,Southwest Airlines Co.,2820,N647SW,63,70,53,24,31,LAX,Los Angeles International Airport,SJC,Norman Y. Mineta San José International Airport,308,4,6,0,N,0,7,0,0,0,17,3/1/2019,24,TRUE,LAX-SJC,Friday,FALSE
4,3/1/2019,1014,1120,1105,WN,Southwest Airlines Co.,2969,N642WN,66,65,51,15,14,LAX,Los Angeles International Airport,SJC,Norman Y. Mineta San José International Airport,308,4,11,0,N,0,5,0,1,0,9,3/1/2019,15,FALSE,LAX-SJC,Friday,FALSE
4,3/1/2019,1114,1347,1330,WN,Southwest Airlines Co.,963,N311SW,93,105,80,17,29,LAX,Los Angeles International Airport,SLC,Salt Lake City International Airport,590,3,10,0,N,0,4,0,0,0,13,3/1/2019,17,TRUE,LAX-SLC,Friday,FALSE
4,3/1/2019,2117,2355,2255,WN,Southwest Airlines Co.,1485,N605SW,98,105,84,60,67,LAX,Los Angeles International Airport,SLC,Salt Lake City International Airport,590,4,10,0,N,0,0,0,1,0,59,3/1/2019,60,TRUE,LAX-SLC,Friday,FALSE
4,3/1/2019,1742,2021,1935,WN,Southwest Airlines Co.,2899,N671SW,99,105,82,46,52,LAX,Los Angeles International Airport,SLC,Salt Lake City International Airport,590,4,13,0,N,0,8,0,0,0,38,3/1/2019,46,TRUE,LAX-SLC,Friday,FALSE
4,3/1/2019,2013,2121,2025,WN,Southwest Airlines Co.,1015,N384SW,68,75,58,56,63,LAX,Los Angeles International Airport,SMF,Sacramento International Airport,373,3,7,0,N,0,0,0,0,0,56,3/1/2019,56,TRUE,LAX-SMF,Friday,FALSE
4,3/1/2019,949,1103,1020,WN,Southwest Airlines Co.,1486,N613SW,74,80,61,43,49,LAX,Los Angeles International Airport,SMF,Sacramento International Airport,373,5,8,0,N,0,40,0,0,0,3,3/1/2019,43,TRUE,LAX-SMF,Friday,FALSE
4,3/1/2019,2215,2321,2245,WN,Southwest Airlines Co.,2437,N225WN,66,80,58,36,50,LAX,Los Angeles International Airport,SMF,Sacramento International Airport,373,3,5,0,N,0,1,0,0,0,35,3/1/2019,36,TRUE,LAX-SMF,Friday,FALSE
4,3/1/2019,1441,1549,1510,WN,Southwest Airlines Co.,2985,N727SW,68,80,56,39,51,LAX,Los Angeles International Airport,SMF,Sacramento International Airport,373,4,8,0,N,0,8,0,0,0,31,3/1/2019,39,TRUE,LAX-SMF,Friday,FALSE
4,3/1/2019,1743,1853,1830,WN,Southwest Airlines Co.,3155,N449WN,70,75,59,23,28,LAX,Los Angeles International Airport,SMF,Sacramento International Airport,373,4,7,0,N,0,8,0,0,0,15,3/1/2019,23,TRUE,LAX-SMF,Friday,FALSE
4,3/1/2019,2005,2219,2105,WN,Southwest Airlines Co.,1044,N306SW,74,75,61,74,75,LAX,Los Angeles International Airport,TUS,Tucson International Airport,451,3,10,0,N,0,0,0,0,0,74,3/1/2019,74,TRUE,LAX-TUS,Friday,FALSE
4,3/1/2019,2110,2326,2300,WN,Southwest Airlines Co.,3939,N654SW,76,80,61,26,30,LAX,Los Angeles International Airport,TUS,Tucson International Airport,451,5,10,0,N,0,0,0,0,0,26,3/1/2019,26,TRUE,LAX-TUS,Friday,FALSE
4,3/1/2019,1825,1921,1850,WN,Southwest Airlines Co.,555,N506SW,56,65,47,31,40,LBB,Lubbock Preston Smith International Airport,AUS,Austin-Bergstrom International Airport,341,4,5,0,N,0,4,0,0,0,27,3/1/2019,31,TRUE,LBB-AUS,Friday,FALSE
4,3/1/2019,1402,1501,1440,WN,Southwest Airlines Co.,35,N520SW,59,60,50,21,22,LBB,Lubbock Preston Smith International Airport,DAL,Dallas Love Field,293,2,7,0,N,0,3,0,0,0,18,3/1/2019,21,TRUE,LBB-DAL,Friday,FALSE
4,3/1/2019,1606,1705,1625,WN,Southwest Airlines Co.,2382,N404WN,59,60,50,40,41,LBB,Lubbock Preston Smith International Airport,DAL,Dallas Love Field,293,3,6,0,N,0,0,0,0,0,40,3/1/2019,40,TRUE,LBB-DAL,Friday,FALSE
4,3/1/2019,1654,2006,1900,WN,Southwest Airlines Co.,438,N309SW,132,130,121,66,64,LIT,Bill and Hillary Clinton National Airport (Adams Field),BWI,Baltimore-Washington International Airport,912,3,8,0,N,0,6,0,2,0,58,3/1/2019,66,TRUE,LIT-BWI,Friday,FALSE
4,3/1/2019,1752,1854,1810,WN,Southwest Airlines Co.,49,N502SW,62,65,49,44,47,LIT,Bill and Hillary Clinton National Airport (Adams Field),DAL,Dallas Love Field,296,4,9,0,N,0,0,0,0,0,44,3/1/2019,44,TRUE,LIT-DAL,Friday,FALSE
4,3/1/2019,2029,2127,2055,WN,Southwest Airlines Co.,2263,N514SW,58,65,49,32,39,LIT,Bill and Hillary Clinton National Airport (Adams Field),DAL,Dallas Love Field,296,3,6,0,N,0,0,0,0,0,32,3/1/2019,32,TRUE,LIT-DAL,Friday,FALSE
4,3/1/2019,1051,1246,1215,WN,Southwest Airlines Co.,8,N339SW,115,100,82,31,16,LIT,Bill and Hillary Clinton National Airport (Adams Field),MDW,Chicago Midway International Airport,544,25,8,0,N,0,16,0,15,0,0,3/1/2019,31,TRUE,LIT-MDW,Friday,FALSE
4,3/1/2019,1846,1951,1920,WN,Southwest Airlines Co.,3168,N513SW,65,65,53,31,31,LIT,Bill and Hillary Clinton National Airport (Adams Field),STL,St. Louis International Airport at Lambert Field,296,4,8,0,N,0,4,0,0,0,27,3/1/2019,31,TRUE,LIT-STL,Friday,FALSE
4,3/1/2019,1615,1623,1135,WN,Southwest Airlines Co.,10,N617SW,68,65,56,288,285,MAF,Midland International Airport,ABQ,Albuquerque International Sunport,332,4,8,0,N,0,285,0,3,0,0,3/1/2019,288,TRUE,MAF-ABQ,Friday,FALSE
4,3/1/2019,1852,1942,1925,WN,Southwest Airlines Co.,2374,N379SW,50,55,40,17,22,MAF,Midland International Airport,AUS,Austin-Bergstrom International Airport,294,3,7,0,N,0,0,0,0,0,17,3/1/2019,17,TRUE,MAF-AUS,Friday,FALSE
4,3/1/2019,1602,1701,1635,WN,Southwest Airlines Co.,43,N503SW,59,60,46,26,27,MAF,Midland International Airport,DAL,Dallas Love Field,319,3,10,0,N,0,0,0,0,0,26,3/1/2019,26,TRUE,MAF-DAL,Friday,FALSE
4,3/1/2019,1836,1930,1905,WN,Southwest Airlines Co.,53,N527SW,54,60,46,25,31,MAF,Midland International Airport,DAL,Dallas Love Field,319,3,5,0,N,0,0,0,0,0,25,3/1/2019,25,TRUE,MAF-DAL,Friday,FALSE
4,3/1/2019,944,1046,1015,WN,Southwest Airlines Co.,914,N692SW,62,60,53,31,29,MAF,Midland International Airport,DAL,Dallas Love Field,319,2,7,0,N,0,0,0,2,0,29,3/1/2019,31,TRUE,MAF-DAL,Friday,FALSE
4,3/1/2019,1625,1731,1605,WN,Southwest Airlines Co.,3828,N333SW,66,75,57,86,95,MAF,Midland International Airport,HOU,William P. Hobby Airport,441,2,7,0,N,0,85,0,0,0,1,3/1/2019,86,TRUE,MAF-HOU,Friday,FALSE
4,3/1/2019,1159,1325,1310,WN,Southwest Airlines Co.,290,N224WN,86,80,69,15,9,MCI,Kansas City International Airport,BNA,Nashville International Airport,491,5,12,0,N,0,6,0,6,0,3,3/1/2019,15,FALSE,MCI-BNA,Friday,FALSE
4,3/1/2019,2130,2300,2235,WN,Southwest Airlines Co.,1568,N227WN,90,80,65,25,15,MCI,Kansas City International Airport,BNA,Nashville International Airport,491,11,14,0,N,0,0,0,10,0,15,3/1/2019,25,TRUE,MCI-BNA,Friday,FALSE
4,3/1/2019,1404,1726,1710,WN,Southwest Airlines Co.,3320,N354SW,142,140,125,16,14,MCI,Kansas City International Airport,BWI,Baltimore-Washington International Airport,967,9,8,0,N,0,10,0,2,0,4,3/1/2019,16,TRUE,MCI-BWI,Friday,FALSE
4,3/1/2019,1958,2310,2250,WN,Southwest Airlines Co.,3829,N465WN,132,140,118,20,28,MCI,Kansas City International Airport,BWI,Baltimore-Washington International Airport,967,5,9,0,N,0,0,0,0,0,20,3/1/2019,20,TRUE,MCI-BWI,Friday,FALSE
4,3/1/2019,937,1102,1040,WN,Southwest Airlines Co.,19,N511SW,85,90,71,22,27,MCI,Kansas City International Airport,DAL,Dallas Love Field,461,4,10,0,N,0,2,0,0,0,20,3/1/2019,22,TRUE,MCI-DAL,Friday,FALSE
4,3/1/2019,2009,2132,2040,WN,Southwest Airlines Co.,59,N628SW,83,90,70,52,59,MCI,Kansas City International Airport,DAL,Dallas Love Field,461,2,11,0,N,0,0,0,0,0,52,3/1/2019,52,TRUE,MCI-DAL,Friday,FALSE
4,3/1/2019,1917,1959,1940,WN,Southwest Airlines Co.,977,N376SW,102,105,88,19,22,MCI,Kansas City International Airport,DEN,Denver International Airport,533,6,8,0,N,0,3,0,0,0,16,3/1/2019,19,TRUE,MCI-DEN,Friday,FALSE
4,3/1/2019,1502,1540,1525,WN,Southwest Airlines Co.,1151,N386SW,98,105,83,15,22,MCI,Kansas City International Airport,DEN,Denver International Airport,533,5,10,0,N,0,12,0,0,0,3,3/1/2019,15,FALSE,MCI-DEN,Friday,FALSE
4,3/1/2019,1038,1259,1230,WN,Southwest Airlines Co.,4,N674AA,81,80,63,29,28,MCI,Kansas City International Airport,IND,Indianapolis International Airport,451,8,10,0,N,0,3,0,1,0,25,3/1/2019,29,TRUE,MCI-IND,Friday,FALSE
4,3/1/2019,1920,2140,2110,WN,Southwest Airlines Co.,321,N742SW,80,80,61,30,30,MCI,Kansas City International Airport,IND,Indianapolis International Airport,451,9,10,0,N,0,30,0,0,0,0,3/1/2019,30,TRUE,MCI-IND,Friday,FALSE
4,3/1/2019,1801,1900,1835,WN,Southwest Airlines Co.,962,N302SW,179,190,164,25,36,MCI,Kansas City International Airport,LAS,McCarran International Airport,1140,6,9,0,N,0,10,0,0,0,15,3/1/2019,25,TRUE,MCI-LAS,Friday,FALSE
4,3/1/2019,1751,1938,1905,WN,Southwest Airlines Co.,810,N648SW,227,225,200,33,31,MCI,Kansas City International Airport,LAX,Los Angeles International Airport,1363,18,9,0,N,0,31,0,2,0,0,3/1/2019,33,TRUE,MCI-LAX,Friday,FALSE
4,3/1/2019,1518,1658,1640,WN,Southwest Airlines Co.,3155,N449WN,220,225,203,18,23,MCI,Kansas City International Airport,LAX,Los Angeles International Airport,1363,6,11,0,N,0,9,0,0,0,9,3/1/2019,18,TRUE,MCI-LAX,Friday,FALSE
4,3/1/2019,1922,2253,2225,WN,Southwest Airlines Co.,730,N756SA,151,155,135,28,32,MCI,Kansas City International Airport,MCO,Orlando International Airport,1072,5,11,0,N,0,0,0,0,0,28,3/1/2019,28,TRUE,MCI-MCO,Friday,FALSE
4,3/1/2019,2229,2343,2215,WN,Southwest Airlines Co.,48,N661SW,74,75,60,88,89,MCI,Kansas City International Airport,MDW,Chicago Midway International Airport,405,5,9,0,N,0,1,0,0,0,87,3/1/2019,88,TRUE,MCI-MDW,Friday,FALSE
4,3/1/2019,1028,1154,1130,WN,Southwest Airlines Co.,308,N502SW,86,80,66,24,18,MCI,Kansas City International Airport,MDW,Chicago Midway International Airport,405,8,12,0,N,0,16,0,6,0,2,3/1/2019,24,TRUE,MCI-MDW,Friday,FALSE
4,3/1/2019,2014,2143,2055,WN,Southwest Airlines Co.,3915,N528SW,89,80,60,48,39,MCI,Kansas City International Airport,MDW,Chicago Midway International Airport,405,20,9,0,N,0,0,0,9,0,39,3/1/2019,48,TRUE,MCI-MDW,Friday,FALSE
4,3/1/2019,1804,1918,1810,WN,Southwest Airlines Co.,1257,N507SW,74,70,47,68,64,MCI,Kansas City International Airport,OKC,Will Rogers World Airport,313,19,8,0,N,0,0,0,4,0,64,3/1/2019,68,TRUE,MCI-OKC,Friday,FALSE
4,3/1/2019,1309,1455,1425,WN,Southwest Airlines Co.,914,N692SW,226,235,214,30,39,MCI,Kansas City International Airport,PDX,Portland International Airport,1481,4,8,0,N,0,5,0,0,0,25,3/1/2019,30,TRUE,MCI-PDX,Friday,FALSE
4,3/1/2019,2128,2328,2220,WN,Southwest Airlines Co.,1579,N775SW,180,175,162,68,63,MCI,Kansas City International Airport,PHX,Phoenix Sky Harbor International Airport,1044,5,13,0,N,0,4,0,5,0,59,3/1/2019,68,TRUE,MCI-PHX,Friday,FALSE
4,3/1/2019,1108,1255,1240,WN,Southwest Airlines Co.,3943,N310SW,167,175,154,15,23,MCI,Kansas City International Airport,PHX,Phoenix Sky Harbor International Airport,1044,5,8,0,N,0,11,0,0,0,4,3/1/2019,15,FALSE,MCI-PHX,Friday,FALSE
4,3/1/2019,1518,1704,1640,WN,Southwest Airlines Co.,1308,N391SW,226,250,214,24,48,MCI,Kansas City International Airport,SEA,Seattle-Tacoma International Airport,1489,3,9,0,N,0,4,0,0,0,20,3/1/2019,24,TRUE,MCI-SEA,Friday,FALSE
4,3/1/2019,1537,1628,1545,WN,Southwest Airlines Co.,283,N213WN,51,55,37,43,47,MCI,Kansas City International Airport,STL,St. Louis International Airport at Lambert Field,237,4,10,0,N,0,0,0,0,0,43,3/1/2019,43,TRUE,MCI-STL,Friday,FALSE
4,3/1/2019,1929,2018,1930,WN,Southwest Airlines Co.,2039,N386SW,49,55,36,48,54,MCI,Kansas City International Airport,STL,St. Louis International Airport at Lambert Field,237,5,8,0,N,0,0,0,0,0,48,3/1/2019,48,TRUE,MCI-STL,Friday,FALSE
4,3/1/2019,1605,1701,1535,WN,Southwest Airlines Co.,132,N704SW,56,55,37,86,85,MCI,Kansas City International Airport,TUL,Tulsa International Airport,223,4,15,0,N,0,0,0,1,0,85,3/1/2019,86,TRUE,MCI-TUL,Friday,FALSE
4,3/1/2019,1102,1152,1125,WN,Southwest Airlines Co.,407,N636WN,50,55,37,27,32,MCI,Kansas City International Airport,TUL,Tulsa International Airport,223,3,10,0,N,0,7,0,0,0,20,3/1/2019,27,TRUE,MCI-TUL,Friday,FALSE
4,3/1/2019,1901,1949,1905,WN,Southwest Airlines Co.,2900,N504SW,48,55,36,44,51,MCI,Kansas City International Airport,TUL,Tulsa International Airport,223,3,9,0,N,0,3,0,0,0,41,3/1/2019,44,TRUE,MCI-TUL,Friday,FALSE
4,3/1/2019,1331,1528,1455,WN,Southwest Airlines Co.,2284,N409WN,237,250,221,33,46,MCO,Orlando International Airport,ABQ,Albuquerque International Sunport,1552,5,11,0,N,0,4,0,0,0,29,3/1/2019,33,TRUE,MCO-ABQ,Friday,FALSE
4,3/1/2019,1317,1607,1540,WN,Southwest Airlines Co.,3075,N208WN,170,160,149,27,17,MCO,Orlando International Airport,ALB,Albany International Airport,1073,11,10,0,N,0,10,0,10,0,7,3/1/2019,27,TRUE,MCO-ALB,Friday,FALSE
4,3/1/2019,1057,1347,1305,WN,Southwest Airlines Co.,1656,N390SW,170,155,155,42,27,MCO,Orlando International Airport,BDL,Bradley International Airport,1050,4,11,0,N,0,15,0,15,0,12,3/1/2019,42,TRUE,MCO-BDL,Friday,FALSE
4,3/1/2019,1321,1354,1330,WN,Southwest Airlines Co.,2715,N204WN,93,95,78,24,26,MCO,Orlando International Airport,BHM,Birmingham-Shuttlesworth International Airport,478,3,12,0,N,0,6,0,0,0,18,3/1/2019,24,TRUE,MCO-BHM,Friday,FALSE
4,3/1/2019,1740,1835,1815,WN,Southwest Airlines Co.,3238,N365SW,115,120,97,20,25,MCO,Orlando International Airport,BNA,Nashville International Airport,616,5,13,0,N,0,11,0,0,0,9,3/1/2019,20,TRUE,MCO-BNA,Friday,FALSE
4,3/1/2019,730,940,925,WN,Southwest Airlines Co.,889,N235WN,130,125,117,15,10,MCO,Orlando International Airport,BWI,Baltimore-Washington International Airport,787,3,10,0,N,0,0,0,5,10,0,3/1/2019,15,FALSE,MCO-BWI,Friday,FALSE
4,3/1/2019,1914,2122,2005,WN,Southwest Airlines Co.,1507,N334SW,128,130,113,77,79,MCO,Orlando International Airport,BWI,Baltimore-Washington International Airport,787,1,14,0,N,0,0,0,0,0,77,3/1/2019,77,TRUE,MCO-BWI,Friday,FALSE
4,3/1/2019,1506,1730,1705,WN,Southwest Airlines Co.,3067,N252WN,144,125,115,25,6,MCO,Orlando International Airport,BWI,Baltimore-Washington International Airport,787,21,8,0,N,0,6,0,19,0,0,3/1/2019,25,TRUE,MCO-BWI,Friday,FALSE
4,3/1/2019,1035,1248,1230,WN,Southwest Airlines Co.,3220,N667SW,133,125,118,18,10,MCO,Orlando International Airport,BWI,Baltimore-Washington International Airport,787,5,10,0,N,0,0,0,8,10,0,3/1/2019,18,TRUE,MCO-BWI,Friday,FALSE
4,3/1/2019,1124,1350,1335,WN,Southwest Airlines Co.,2366,N662SW,146,145,130,15,14,MCO,Orlando International Airport,CLE,Cleveland Hopkins International Airport,895,5,11,0,N,0,11,0,1,0,3,3/1/2019,15,FALSE,MCO-CLE,Friday,FALSE
4,3/1/2019,1928,2143,2125,WN,Southwest Airlines Co.,1602,N425LV,135,135,113,18,18,MCO,Orlando International Airport,CMH,Port Columbus International Airport,802,5,17,0,N,0,18,0,0,0,0,3/1/2019,18,TRUE,MCO-CMH,Friday,FALSE
4,3/1/2019,1109,1403,1335,WN,Southwest Airlines Co.,399,N621SW,174,160,147,28,14,MCO,Orlando International Airport,DTW,Detroit Metropolitan Airport,957,9,18,0,N,0,5,0,14,0,9,3/1/2019,28,TRUE,MCO-DTW,Friday,FALSE
4,3/1/2019,1654,1922,1905,WN,Southwest Airlines Co.,1023,N216WR,148,160,137,17,29,MCO,Orlando International Airport,DTW,Detroit Metropolitan Airport,957,4,7,0,N,0,3,0,0,0,14,3/1/2019,17,TRUE,MCO-DTW,Friday,FALSE
4,3/1/2019,1957,2053,1950,WN,Southwest Airlines Co.,455,N346SW,56,60,41,63,67,MCO,Orlando International Airport,FLL,Fort Lauderdale-Hollywood International Airport,178,3,12,0,N,0,13,0,0,0,50,3/1/2019,63,TRUE,MCO-FLL,Friday,FALSE
4,3/1/2019,1012,1113,1050,WN,Southwest Airlines Co.,779,N294WN,61,60,39,23,22,MCO,Orlando International Airport,FLL,Fort Lauderdale-Hollywood International Airport,178,6,16,0,N,0,21,0,1,0,1,3/1/2019,23,TRUE,MCO-FLL,Friday,FALSE
4,3/1/2019,1509,1629,1600,WN,Southwest Airlines Co.,42,N470WN,140,160,130,29,49,MCO,Orlando International Airport,HOU,William P. Hobby Airport,848,2,8,0,N,0,2,0,0,0,27,3/1/2019,29,TRUE,MCO-HOU,Friday,FALSE
4,3/1/2019,1806,1942,1920,WN,Southwest Airlines Co.,1491,N366SW,156,160,134,22,26,MCO,Orlando International Airport,HOU,William P. Hobby Airport,848,4,18,0,N,0,11,0,0,0,11,3/1/2019,22,TRUE,MCO-HOU,Friday,FALSE
4,3/1/2019,809,1026,1010,WN,Southwest Airlines Co.,470,N657SW,137,130,120,16,9,MCO,Orlando International Airport,IAD,Washington Dulles International Airport,758,5,12,0,N,0,0,0,7,9,0,3/1/2019,16,TRUE,MCO-IAD,Friday,FALSE
4,3/1/2019,1234,1447,1425,WN,Southwest Airlines Co.,1317,N366SW,133,125,111,22,14,MCO,Orlando International Airport,IAD,Washington Dulles International Airport,758,4,18,0,N,0,14,0,8,0,0,3/1/2019,22,TRUE,MCO-IAD,Friday,FALSE
4,3/1/2019,1912,2149,2105,WN,Southwest Airlines Co.,3256,N659SW,157,145,126,44,32,MCO,Orlando International Airport,IND,Indianapolis International Airport,828,8,23,0,N,0,31,0,12,0,1,3/1/2019,44,TRUE,MCO-IND,Friday,FALSE
4,3/1/2019,2100,2324,2255,WN,Southwest Airlines Co.,121,N467WN,144,145,131,29,30,MCO,Orlando International Airport,ISP,Long Island MacArthur Airport,972,4,9,0,N,0,11,0,0,0,18,3/1/2019,29,TRUE,MCO-ISP,Friday,FALSE
4,3/1/2019,1942,2205,2105,WN,Southwest Airlines Co.,3332,N412WN,143,145,130,60,62,MCO,Orlando International Airport,ISP,Long Island MacArthur Airport,972,4,9,0,N,0,60,0,0,0,0,3/1/2019,60,TRUE,MCO-ISP,Friday,FALSE
4,3/1/2019,1510,1738,1620,WN,Southwest Airlines Co.,3864,N779SW,148,145,135,78,75,MCO,Orlando International Airport,ISP,Long Island MacArthur Airport,972,5,8,0,N,0,12,0,3,0,63,3/1/2019,78,TRUE,MCO-ISP,Friday,FALSE
4,3/1/2019,1642,1728,1705,WN,Southwest Airlines Co.,186,N438WN,106,115,91,23,32,MCO,Orlando International Airport,JAN,Jackson-Evers International Airport,587,4,11,0,N,0,23,0,0,0,0,3/1/2019,23,TRUE,MCO-JAN,Friday,FALSE
4,3/1/2019,1243,1439,1400,WN,Southwest Airlines Co.,1308,N391SW,176,185,156,39,48,MCO,Orlando International Airport,MCI,Kansas City International Airport,1072,2,18,0,N,0,0,0,0,0,39,3/1/2019,39,TRUE,MCO-MCI,Friday,FALSE
4,3/1/2019,1812,2001,1855,WN,Southwest Airlines Co.,163,N469WN,169,170,150,66,67,MCO,Orlando International Airport,MDW,Chicago Midway International Airport,989,6,13,0,N,0,46,0,0,0,20,3/1/2019,66,TRUE,MCO-MDW,Friday,FALSE
4,3/1/2019,1840,2022,1955,WN,Southwest Airlines Co.,172,N780SW,162,170,140,27,35,MCO,Orlando International Airport,MDW,Chicago Midway International Airport,989,7,15,0,N,0,22,0,0,0,5,3/1/2019,27,TRUE,MCO-MDW,Friday,FALSE
4,3/1/2019,1055,1255,1125,WN,Southwest Airlines Co.,562,N739GB,180,170,149,90,80,MCO,Orlando International Airport,MDW,Chicago Midway International Airport,989,17,14,0,N,0,33,0,10,0,47,3/1/2019,90,TRUE,MCO-MDW,Friday,FALSE
4,3/1/2019,2206,2338,2250,WN,Southwest Airlines Co.,3137,N481WN,152,165,138,48,61,MCO,Orlando International Airport,MDW,Chicago Midway International Airport,989,7,7,0,N,0,9,0,0,0,39,3/1/2019,48,TRUE,MCO-MDW,Friday,FALSE
4,3/1/2019,636,930,915,WN,Southwest Airlines Co.,589,N419WN,174,165,154,15,6,MCO,Orlando International Airport,MHT,Manchester-Boston Regional Airport,1142,4,16,0,N,0,0,0,9,6,0,3/1/2019,15,FALSE,MCO-MHT,Friday,FALSE
4,3/1/2019,2108,2352,2330,WN,Southwest Airlines Co.,1145,N202WN,164,165,148,22,23,MCO,Orlando International Airport,MHT,Manchester-Boston Regional Airport,1142,4,12,0,N,0,0,0,0,0,22,3/1/2019,22,TRUE,MCO-MHT,Friday,FALSE
4,3/1/2019,1524,1714,1650,WN,Southwest Airlines Co.,1320,N456WN,110,110,92,24,24,MCO,Orlando International Airport,ORF,Norfolk International Airport,655,5,13,0,N,0,0,0,17,0,7,3/1/2019,24,TRUE,MCO-ORF,Friday,FALSE
4,3/1/2019,1137,1410,1340,WN,Southwest Airlines Co.,768,N369SW,153,145,134,30,22,MCO,Orlando International Airport,PHL,Philadelphia International Airport,861,4,15,0,N,0,11,0,8,0,11,3/1/2019,30,TRUE,MCO-PHL,Friday,FALSE
4,3/1/2019,1350,1611,1520,WN,Southwest Airlines Co.,1035,N346SW,141,150,128,51,60,MCO,Orlando International Airport,PHL,Philadelphia International Airport,861,3,10,0,N,0,9,0,0,0,42,3/1/2019,51,TRUE,MCO-PHL,Friday,FALSE
4,3/1/2019,1730,2028,1920,WN,Southwest Airlines Co.,1484,N242WN,298,300,276,68,70,MCO,Orlando International Airport,PHX,Phoenix Sky Harbor International Airport,1848,8,14,0,N,0,68,0,0,0,0,3/1/2019,68,TRUE,MCO-PHX,Friday,FALSE
4,3/1/2019,1013,1100,1045,WN,Southwest Airlines Co.,150,N355SW,47,50,35,15,18,MCO,Orlando International Airport,RSW,Southwest Florida International Airport,133,3,9,0,N,0,15,0,0,0,0,3/1/2019,15,FALSE,MCO-RSW,Friday,FALSE
4,3/1/2019,2143,2227,2150,WN,Southwest Airlines Co.,907,N388SW,44,45,30,37,38,MCO,Orlando International Airport,RSW,Southwest Florida International Airport,133,4,10,0,N,0,37,0,0,0,0,3/1/2019,37,TRUE,MCO-RSW,Friday,FALSE
4,3/1/2019,1440,1655,1635,WN,Southwest Airlines Co.,718,N457WN,135,130,105,20,15,MCO,Orlando International Airport,SDF,Louisville International Airport (Standiford Field),718,20,10,0,N,0,2,0,5,0,13,3/1/2019,20,TRUE,MCO-SDF,Friday,FALSE
4,3/1/2019,2230,2346,2210,WN,Southwest Airlines Co.,2300,N291WN,136,155,122,96,115,MCO,Orlando International Airport,STL,St. Louis International Airport at Lambert Field,880,3,11,0,N,0,0,0,0,6,90,3/1/2019,96,TRUE,MCO-STL,Friday,FALSE
4,3/1/2019,1629,1753,1710,WN,Southwest Airlines Co.,3743,N247WN,144,155,127,43,54,MCO,Orlando International Airport,STL,St. Louis International Airport at Lambert Field,880,4,13,0,N,0,0,0,0,0,43,3/1/2019,43,TRUE,MCO-STL,Friday,FALSE
4,3/1/2019,1625,1821,1800,WN,Southwest Airlines Co.,2871,N709SW,176,190,158,21,35,MDW,Chicago Midway International Airport,ABQ,Albuquerque International Sunport,1121,4,14,0,N,0,14,0,0,0,7,3/1/2019,21,TRUE,MDW-ABQ,Friday,FALSE
4,3/1/2019,1051,1341,1305,WN,Southwest Airlines Co.,95,N325SW,110,105,97,36,31,MDW,Chicago Midway International Airport,ALB,Albany International Airport,717,4,9,0,N,0,18,0,5,0,13,3/1/2019,36,TRUE,MDW-ALB,Friday,FALSE
4,3/1/2019,2106,2,2215,WN,Southwest Airlines Co.,714,N305SW,116,110,90,107,101,MDW,Chicago Midway International Airport,ALB,Albany International Airport,717,5,21,0,N,0,48,0,6,0,53,3/1/2019,107,TRUE,MDW-ALB,Friday,FALSE
4,3/1/2019,2033,2249,2150,WN,Southwest Airlines Co.,3568,N767SW,136,165,125,59,88,MDW,Chicago Midway International Airport,AUS,Austin-Bergstrom International Airport,972,4,7,0,N,0,59,0,0,0,0,3/1/2019,59,TRUE,MDW-AUS,Friday,FALSE
4,3/1/2019,1930,2228,2200,WN,Southwest Airlines Co.,245,N730SW,118,120,100,28,30,MDW,Chicago Midway International Airport,BDL,Bradley International Airport,777,8,10,0,N,0,28,0,0,0,0,3/1/2019,28,TRUE,MDW-BDL,Friday,FALSE
4,3/1/2019,1423,1720,1645,WN,Southwest Airlines Co.,885,N406WN,117,115,100,35,33,MDW,Chicago Midway International Airport,BDL,Bradley International Airport,777,5,12,0,N,0,33,0,2,0,0,3/1/2019,35,TRUE,MDW-BDL,Friday,FALSE
4,3/1/2019,2238,8,2125,WN,Southwest Airlines Co.,313,N374SW,90,100,81,163,173,MDW,Chicago Midway International Airport,BHM,Birmingham-Shuttlesworth International Airport,570,3,6,0,N,0,22,0,0,0,141,3/1/2019,163,TRUE,MDW-BHM,Friday,FALSE
4,3/1/2019,830,939,920,WN,Southwest Airlines Co.,689,N409WN,69,80,56,19,30,MDW,Chicago Midway International Airport,BNA,Nashville International Airport,395,5,8,0,N,0,10,0,0,0,9,3/1/2019,19,TRUE,MDW-BNA,Friday,FALSE
4,3/1/2019,1247,1358,1325,WN,Southwest Airlines Co.,813,N679AA,71,75,60,33,37,MDW,Chicago Midway International Airport,BNA,Nashville International Airport,395,5,6,0,N,0,14,0,0,0,19,3/1/2019,33,TRUE,MDW-BNA,Friday,FALSE
4,3/1/2019,2156,2309,2155,WN,Southwest Airlines Co.,851,N238WN,73,80,60,74,81,MDW,Chicago Midway International Airport,BNA,Nashville International Airport,395,4,9,0,N,0,36,0,0,0,38,3/1/2019,74,TRUE,MDW-BNA,Friday,FALSE
4,3/1/2019,2221,2332,2225,WN,Southwest Airlines Co.,1973,N347SW,71,75,54,67,71,MDW,Chicago Midway International Airport,BNA,Nashville International Airport,395,4,13,0,N,0,20,0,0,0,47,3/1/2019,67,TRUE,MDW-BNA,Friday,FALSE
4,3/1/2019,638,801,730,WN,Southwest Airlines Co.,2108,N479WN,83,75,55,31,23,MDW,Chicago Midway International Airport,BNA,Nashville International Airport,395,6,22,0,N,0,23,0,8,0,0,3/1/2019,31,TRUE,MDW-BNA,Friday,FALSE
4,3/1/2019,839,1058,1040,WN,Southwest Airlines Co.,1690,N217JC,79,80,65,18,19,MDW,Chicago Midway International Airport,BUF,Buffalo Niagara International Airport,468,4,10,0,N,0,11,0,0,0,7,3/1/2019,18,TRUE,MDW-BUF,Friday,FALSE
4,3/1/2019,1332,1546,1515,WN,Southwest Airlines Co.,1828,N785SW,74,80,66,31,37,MDW,Chicago Midway International Airport,BUF,Buffalo Niagara International Airport,468,2,6,0,N,0,19,0,0,0,12,3/1/2019,31,TRUE,MDW-BUF,Friday,FALSE
4,3/1/2019,2057,2321,2215,WN,Southwest Airlines Co.,2975,N713SW,84,80,65,66,62,MDW,Chicago Midway International Airport,BUF,Buffalo Niagara International Airport,468,3,16,0,N,0,46,0,4,0,16,3/1/2019,66,TRUE,MDW-BUF,Friday,FALSE
4,3/1/2019,2334,157,2235,WN,Southwest Airlines Co.,106,N751SW,83,105,73,202,224,MDW,Chicago Midway International Airport,BWI,Baltimore-Washington International Airport,611,4,6,0,N,0,15,0,0,0,187,3/1/2019,202,TRUE,MDW-BWI,Friday,FALSE
4,3/1/2019,1338,1617,1545,WN,Southwest Airlines Co.,208,N763SW,99,105,88,32,38,MDW,Chicago Midway International Airport,BWI,Baltimore-Washington International Airport,611,4,7,0,N,0,32,0,0,0,0,3/1/2019,32,TRUE,MDW-BWI,Friday,FALSE
4,3/1/2019,1110,1348,1320,WN,Southwest Airlines Co.,2272,N263WN,98,105,86,28,35,MDW,Chicago Midway International Airport,BWI,Baltimore-Washington International Airport,611,3,9,0,N,0,19,0,0,0,9,3/1/2019,28,TRUE,MDW-BWI,Friday,FALSE
4,3/1/2019,2245,115,5,WN,Southwest Airlines Co.,2786,N417WN,90,100,78,70,80,MDW,Chicago Midway International Airport,BWI,Baltimore-Washington International Airport,611,4,8,0,N,0,45,0,0,0,25,3/1/2019,70,TRUE,MDW-BWI,Friday,FALSE
4,3/1/2019,1847,2052,2035,WN,Southwest Airlines Co.,30,N689SW,65,70,52,17,22,MDW,Chicago Midway International Airport,CLE,Cleveland Hopkins International Airport,307,6,7,0,N,0,16,0,0,0,1,3/1/2019,17,TRUE,MDW-CLE,Friday,FALSE
4,3/1/2019,2214,17,2310,WN,Southwest Airlines Co.,153,N658SW,63,65,48,67,69,MDW,Chicago Midway International Airport,CLE,Cleveland Hopkins International Airport,307,6,9,0,N,0,0,0,0,0,67,3/1/2019,67,TRUE,MDW-CLE,Friday,FALSE
4,3/1/2019,929,1200,1025,WN,Southwest Airlines Co.,387,N779SW,91,65,50,95,69,MDW,Chicago Midway International Airport,CLE,Cleveland Hopkins International Airport,307,8,33,0,N,0,69,0,26,0,0,3/1/2019,95,TRUE,MDW-CLE,Friday,FALSE
4,3/1/2019,1202,1403,1345,WN,Southwest Airlines Co.,628,N902WN,61,70,47,18,27,MDW,Chicago Midway International Airport,CLE,Cleveland Hopkins International Airport,307,4,10,0,N,0,8,0,0,0,10,3/1/2019,18,TRUE,MDW-CLE,Friday,FALSE
4,3/1/2019,1527,1735,1620,WN,Southwest Airlines Co.,1489,N699SW,68,70,48,75,77,MDW,Chicago Midway International Airport,CLE,Cleveland Hopkins International Airport,307,7,13,0,N,0,75,0,0,0,0,3/1/2019,75,TRUE,MDW-CLE,Friday,FALSE
4,3/1/2019,1901,2113,1815,WN,Southwest Airlines Co.,3587,N374SW,72,75,54,178,181,MDW,Chicago Midway International Airport,CLE,Cleveland Hopkins International Airport,307,6,12,0,N,0,22,0,0,0,156,3/1/2019,178,TRUE,MDW-CLE,Friday,FALSE
4,3/1/2019,2316,106,2335,WN,Southwest Airlines Co.,261,N340LV,50,60,39,91,101,MDW,Chicago Midway International Airport,CMH,Port Columbus International Airport,284,3,8,0,N,0,61,0,0,0,30,3/1/2019,91,TRUE,MDW-CMH,Friday,FALSE
4,3/1/2019,637,838,815,WN,Southwest Airlines Co.,950,N750SA,61,60,49,23,22,MDW,Chicago Midway International Airport,CMH,Port Columbus International Airport,284,5,7,0,N,0,0,22,1,0,0,3/1/2019,23,TRUE,MDW-CMH,Friday,FALSE
4,3/1/2019,1349,1549,1530,WN,Southwest Airlines Co.,2470,N339SW,60,65,50,19,24,MDW,Chicago Midway International Airport,CMH,Port Columbus International Airport,284,2,8,0,N,0,19,0,0,0,0,3/1/2019,19,TRUE,MDW-CMH,Friday,FALSE
4,3/1/2019,1758,1957,1935,WN,Southwest Airlines Co.,2474,N776WN,59,65,48,22,28,MDW,Chicago Midway International Airport,CMH,Port Columbus International Airport,284,3,8,0,N,0,22,0,0,0,0,3/1/2019,22,TRUE,MDW-CMH,Friday,FALSE
4,3/1/2019,2114,2246,2155,WN,Southwest Airlines Co.,172,N780SW,152,150,128,51,49,MDW,Chicago Midway International Airport,DEN,Denver International Airport,895,7,17,0,N,0,22,0,2,0,27,3/1/2019,51,TRUE,MDW-DEN,Friday,FALSE
4,3/1/2019,1526,1650,1600,WN,Southwest Airlines Co.,1852,N239WN,144,155,129,50,61,MDW,Chicago Midway International Airport,DEN,Denver International Airport,895,6,9,0,N,0,26,0,0,0,24,3/1/2019,50,TRUE,MDW-DEN,Friday,FALSE
4,3/1/2019,1805,1930,1845,WN,Southwest Airlines Co.,1944,N410WN,145,160,128,45,60,MDW,Chicago Midway International Airport,DEN,Denver International Airport,895,6,11,0,N,0,16,0,0,0,29,3/1/2019,45,TRUE,MDW-DEN,Friday,FALSE
4,3/1/2019,1238,1447,1405,WN,Southwest Airlines Co.,308,N502SW,69,65,53,42,38,MDW,Chicago Midway International Airport,DTW,Detroit Metropolitan Airport,229,9,7,0,N,0,14,0,4,0,24,3/1/2019,42,TRUE,MDW-DTW,Friday,FALSE
4,3/1/2019,819,1016,1000,WN,Southwest Airlines Co.,424,N713SW,57,60,45,16,19,MDW,Chicago Midway International Airport,DTW,Detroit Metropolitan Airport,229,4,8,0,N,0,9,0,0,0,7,3/1/2019,16,TRUE,MDW-DTW,Friday,FALSE
4,3/1/2019,1908,2108,2030,WN,Southwest Airlines Co.,1006,N523SW,60,65,42,38,43,MDW,Chicago Midway International Airport,DTW,Detroit Metropolitan Airport,229,3,15,0,N,0,38,0,0,0,0,3/1/2019,38,TRUE,MDW-DTW,Friday,FALSE
4,3/1/2019,1656,1857,1820,WN,Southwest Airlines Co.,1014,N494WN,61,70,43,37,46,MDW,Chicago Midway International Airport,DTW,Detroit Metropolitan Airport,229,3,15,0,N,0,29,0,0,0,8,3/1/2019,37,TRUE,MDW-DTW,Friday,FALSE
4,3/1/2019,1015,1218,1200,WN,Southwest Airlines Co.,1567,N785SW,63,65,52,18,20,MDW,Chicago Midway International Airport,DTW,Detroit Metropolitan Airport,229,5,6,0,N,0,8,0,0,0,10,3/1/2019,18,TRUE,MDW-DTW,Friday,FALSE
4,3/1/2019,1452,1650,1610,WN,Southwest Airlines Co.,1916,N357SW,58,65,46,40,47,MDW,Chicago Midway International Airport,DTW,Detroit Metropolitan Airport,229,5,7,0,N,0,32,0,0,0,8,3/1/2019,40,TRUE,MDW-DTW,Friday,FALSE
4,3/1/2019,2223,18,2325,WN,Southwest Airlines Co.,3915,N528SW,55,60,36,53,58,MDW,Chicago Midway International Airport,DTW,Detroit Metropolitan Airport,229,7,12,0,N,0,9,0,0,0,44,3/1/2019,53,TRUE,MDW-DTW,Friday,FALSE
4,3/1/2019,2130,111,2350,WN,Southwest Airlines Co.,3228,N717SA,161,175,142,81,95,MDW,Chicago Midway International Airport,FLL,Fort Lauderdale-Hollywood International Airport,1166,4,15,0,N,0,40,0,0,0,41,3/1/2019,81,TRUE,MDW-FLL,Friday,FALSE
4,3/1/2019,705,1055,1030,WN,Southwest Airlines Co.,3848,N550WN,170,180,151,25,35,MDW,Chicago Midway International Airport,FLL,Fort Lauderdale-Hollywood International Airport,1166,5,14,0,N,0,25,0,0,0,0,3/1/2019,25,TRUE,MDW-FLL,Friday,FALSE
4,3/1/2019,2106,2329,2300,WN,Southwest Airlines Co.,203,N332SW,143,165,123,29,51,MDW,Chicago Midway International Airport,HOU,William P. Hobby Airport,937,4,16,0,N,0,13,0,0,0,16,3/1/2019,29,TRUE,MDW-HOU,Friday,FALSE
4,3/1/2019,916,1142,1105,WN,Southwest Airlines Co.,319,N716SW,146,165,130,37,56,MDW,Chicago Midway International Airport,HOU,William P. Hobby Airport,937,4,12,0,N,0,13,0,0,0,24,3/1/2019,37,TRUE,MDW-HOU,Friday,FALSE
4,3/1/2019,1149,1416,1400,WN,Southwest Airlines Co.,3763,N514SW,147,165,135,16,34,MDW,Chicago Midway International Airport,HOU,William P. Hobby Airport,937,3,9,0,N,0,12,0,0,0,4,3/1/2019,16,TRUE,MDW-HOU,Friday,FALSE
4,3/1/2019,2217,47,2350,WN,Southwest Airlines Co.,205,N299WN,90,100,73,57,67,MDW,Chicago Midway International Airport,IAD,Washington Dulles International Airport,577,5,12,0,N,0,25,0,0,0,32,3/1/2019,57,TRUE,MDW-IAD,Friday,FALSE
4,3/1/2019,1544,1825,1650,WN,Southwest Airlines Co.,1307,N294WN,101,105,81,95,99,MDW,Chicago Midway International Airport,IAD,Washington Dulles International Airport,577,5,15,0,N,0,51,0,0,0,44,3/1/2019,95,TRUE,MDW-IAD,Friday,FALSE
4,3/1/2019,1939,2216,2155,WN,Southwest Airlines Co.,3232,N201LV,97,100,78,21,24,MDW,Chicago Midway International Airport,IAD,Washington Dulles International Airport,577,5,14,0,N,0,2,0,0,0,19,3/1/2019,21,TRUE,MDW-IAD,Friday,FALSE
4,3/1/2019,647,931,915,WN,Southwest Airlines Co.,3760,N672SW,104,95,84,16,7,MDW,Chicago Midway International Airport,IAD,Washington Dulles International Airport,577,5,15,0,N,0,0,7,9,0,0,3/1/2019,16,TRUE,MDW-IAD,Friday,FALSE
4,3/1/2019,1724,1913,1850,WN,Southwest Airlines Co.,378,N726SW,49,55,31,23,29,MDW,Chicago Midway International Airport,IND,Indianapolis International Airport,162,7,11,0,N,0,23,0,0,0,0,3/1/2019,23,TRUE,MDW-IND,Friday,FALSE
4,3/1/2019,2212,7,2255,WN,Southwest Airlines Co.,771,N486WN,55,50,36,72,67,MDW,Chicago Midway International Airport,IND,Indianapolis International Airport,162,6,13,0,N,0,17,0,5,0,50,3/1/2019,72,TRUE,MDW-IND,Friday,FALSE
4,3/1/2019,1410,1609,1445,WN,Southwest Airlines Co.,1333,N334SW,59,50,32,84,75,MDW,Chicago Midway International Airport,IND,Indianapolis International Airport,162,8,19,0,N,0,58,0,9,0,17,3/1/2019,84,TRUE,MDW-IND,Friday,FALSE
4,3/1/2019,1033,1342,1205,WN,Southwest Airlines Co.,969,N215WN,129,120,114,97,88,MDW,Chicago Midway International Airport,ISP,Long Island MacArthur Airport,765,5,10,0,N,0,32,0,9,0,56,3/1/2019,97,TRUE,MDW-ISP,Friday,FALSE
4,3/1/2019,1620,1924,1900,WN,Southwest Airlines Co.,1667,N243WN,124,130,110,24,30,MDW,Chicago Midway International Airport,ISP,Long Island MacArthur Airport,765,5,9,0,N,0,13,0,0,0,11,3/1/2019,24,TRUE,MDW-ISP,Friday,FALSE
4,3/1/2019,1308,1615,1555,WN,Southwest Airlines Co.,1930,N724SW,127,130,113,20,23,MDW,Chicago Midway International Airport,ISP,Long Island MacArthur Airport,765,4,10,0,N,0,20,0,0,0,0,3/1/2019,20,TRUE,MDW-ISP,Friday,FALSE
4,3/1/2019,2241,25,2045,WN,Southwest Airlines Co.,405,N513SW,104,120,90,220,236,MDW,Chicago Midway International Airport,JAN,Jackson-Evers International Airport,666,3,11,0,N,0,220,0,0,0,0,3/1/2019,220,TRUE,MDW-JAN,Friday,FALSE
4,3/1/2019,830,1010,925,WN,Southwest Airlines Co.,1035,N346SW,100,115,87,45,60,MDW,Chicago Midway International Airport,JAN,Jackson-Evers International Airport,666,3,10,0,N,0,45,0,0,0,0,3/1/2019,45,TRUE,MDW-JAN,Friday,FALSE
4,3/1/2019,2207,6,2300,WN,Southwest Airlines Co.,164,N723SW,239,240,219,66,67,MDW,Chicago Midway International Airport,LAS,McCarran International Airport,1521,5,15,0,N,0,55,0,0,0,11,3/1/2019,66,TRUE,MDW-LAS,Friday,FALSE
4,3/1/2019,1601,1828,1750,WN,Southwest Airlines Co.,433,N264LV,267,240,219,38,11,MDW,Chicago Midway International Airport,LAS,McCarran International Airport,1521,32,16,0,N,0,11,0,27,0,0,3/1/2019,38,TRUE,MDW-LAS,Friday,FALSE
4,3/1/2019,650,840,815,WN,Southwest Airlines Co.,891,N400WN,230,240,216,25,35,MDW,Chicago Midway International Airport,LAS,McCarran International Airport,1521,3,11,0,N,0,0,25,0,0,0,3/1/2019,25,TRUE,MDW-LAS,Friday,FALSE
4,3/1/2019,850,1046,940,WN,Southwest Airlines Co.,1016,N765SW,236,240,220,66,70,MDW,Chicago Midway International Airport,LAS,McCarran International Airport,1521,5,11,0,N,0,57,0,0,0,9,3/1/2019,66,TRUE,MDW-LAS,Friday,FALSE
4,3/1/2019,853,1048,1030,WN,Southwest Airlines Co.,2295,N404WN,235,240,223,18,23,MDW,Chicago Midway International Airport,LAS,McCarran International Airport,1521,3,9,0,N,0,18,0,0,0,0,3/1/2019,18,TRUE,MDW-LAS,Friday,FALSE
4,3/1/2019,2011,2205,2125,WN,Southwest Airlines Co.,2449,N454WN,234,240,218,40,46,MDW,Chicago Midway International Airport,LAS,McCarran International Airport,1521,9,7,0,N,0,35,0,0,0,5,3/1/2019,40,TRUE,MDW-LAS,Friday,FALSE
4,3/1/2019,1508,1700,1630,WN,Southwest Airlines Co.,3844,N446WN,232,240,220,30,38,MDW,Chicago Midway International Airport,LAS,McCarran International Airport,1521,4,8,0,N,0,27,0,0,0,3,3/1/2019,30,TRUE,MDW-LAS,Friday,FALSE
4,3/1/2019,732,957,925,WN,Southwest Airlines Co.,184,N473WN,265,270,243,32,37,MDW,Chicago Midway International Airport,LAX,Los Angeles International Airport,1750,11,11,0,N,0,26,0,0,0,6,3/1/2019,32,TRUE,MDW-LAX,Friday,FALSE
4,3/1/2019,2116,2352,2330,WN,Southwest Airlines Co.,587,N435WN,276,270,249,22,16,MDW,Chicago Midway International Airport,LAX,Los Angeles International Airport,1750,6,21,0,N,0,12,0,6,0,4,3/1/2019,22,TRUE,MDW-LAX,Friday,FALSE
4,3/1/2019,1533,1802,1730,WN,Southwest Airlines Co.,829,N476WN,269,270,256,32,33,MDW,Chicago Midway International Airport,LAX,Los Angeles International Airport,1750,5,8,0,N,0,31,0,0,0,1,3/1/2019,32,TRUE,MDW-LAX,Friday,FALSE
4,3/1/2019,1243,1505,1415,WN,Southwest Airlines Co.,2979,N901WN,262,275,249,50,63,MDW,Chicago Midway International Airport,LAX,Los Angeles International Airport,1750,7,6,0,N,0,39,0,0,0,11,3/1/2019,50,TRUE,MDW-LAX,Friday,FALSE
4,3/1/2019,1600,1735,1645,WN,Southwest Airlines Co.,49,N502SW,95,105,78,50,60,MDW,Chicago Midway International Airport,LIT,Bill and Hillary Clinton National Airport (Adams Field),544,4,13,0,N,0,21,0,0,0,29,3/1/2019,50,TRUE,MDW-LIT,Friday,FALSE
4,3/1/2019,746,904,840,WN,Southwest Airlines Co.,19,N511SW,78,85,62,24,31,MDW,Chicago Midway International Airport,MCI,Kansas City International Airport,405,5,11,0,N,0,14,0,0,0,10,3/1/2019,24,TRUE,MDW-MCI,Friday,FALSE
4,3/1/2019,1113,1229,1205,WN,Southwest Airlines Co.,33,N525SW,76,85,64,24,33,MDW,Chicago Midway International Airport,MCI,Kansas City International Airport,405,4,8,0,N,0,16,0,0,0,8,3/1/2019,24,TRUE,MDW-MCI,Friday,FALSE
4,3/1/2019,1832,1952,1845,WN,Southwest Airlines Co.,59,N628SW,80,85,66,67,72,MDW,Chicago Midway International Airport,MCI,Kansas City International Airport,405,5,9,0,N,0,43,0,0,0,24,3/1/2019,67,TRUE,MDW-MCI,Friday,FALSE
4,3/1/2019,1422,1546,1410,WN,Southwest Airlines Co.,132,N704SW,84,85,64,96,97,MDW,Chicago Midway International Airport,MCI,Kansas City International Airport,405,5,15,0,N,0,65,0,0,0,31,3/1/2019,96,TRUE,MDW-MCI,Friday,FALSE
4,3/1/2019,2201,2319,2300,WN,Southwest Airlines Co.,342,N246LV,78,85,64,19,26,MDW,Chicago Midway International Airport,MCI,Kansas City International Airport,405,4,10,0,N,0,12,0,0,0,7,3/1/2019,19,TRUE,MDW-MCI,Friday,FALSE
4,3/1/2019,915,1034,1010,WN,Southwest Airlines Co.,407,N636WN,79,85,63,24,30,MDW,Chicago Midway International Airport,MCI,Kansas City International Airport,405,4,12,0,N,0,11,0,0,0,13,3/1/2019,24,TRUE,MDW-MCI,Friday,FALSE
4,3/1/2019,950,1107,1050,WN,Southwest Airlines Co.,449,N528SW,77,85,64,17,25,MDW,Chicago Midway International Airport,MCI,Kansas City International Airport,405,4,9,0,N,0,17,0,0,0,0,3/1/2019,17,TRUE,MDW-MCI,Friday,FALSE
4,3/1/2019,1620,1737,1630,WN,Southwest Airlines Co.,1257,N507SW,77,85,61,67,75,MDW,Chicago Midway International Airport,MCI,Kansas City International Airport,405,4,12,0,N,0,12,0,0,0,55,3/1/2019,67,TRUE,MDW-MCI,Friday,FALSE
4,3/1/2019,1714,1832,1745,WN,Southwest Airlines Co.,2900,N504SW,78,85,64,47,54,MDW,Chicago Midway International Airport,MCI,Kansas City International Airport,405,4,10,0,N,0,33,0,0,0,14,3/1/2019,47,TRUE,MDW-MCI,Friday,FALSE
4,3/1/2019,1333,1650,1630,WN,Southwest Airlines Co.,401,N242WN,137,150,125,20,33,MDW,Chicago Midway International Airport,MCO,Orlando International Airport,989,3,9,0,N,0,16,0,0,0,4,3/1/2019,20,TRUE,MDW-MCO,Friday,FALSE
4,3/1/2019,2059,19,2335,WN,Southwest Airlines Co.,1189,N231WN,140,150,127,44,54,MDW,Chicago Midway International Airport,MCO,Orlando International Airport,989,4,9,0,N,0,24,0,0,0,20,3/1/2019,44,TRUE,MDW-MCO,Friday,FALSE
4,3/1/2019,1120,1435,1350,WN,Southwest Airlines Co.,2631,N470WN,135,150,126,45,60,MDW,Chicago Midway International Airport,MCO,Orlando International Airport,989,3,6,0,N,0,25,0,0,0,20,3/1/2019,45,TRUE,MDW-MCO,Friday,FALSE
4,3/1/2019,1804,2129,2040,WN,Southwest Airlines Co.,3050,N481WN,145,150,126,49,54,MDW,Chicago Midway International Airport,MCO,Orlando International Airport,989,6,13,0,N,0,16,0,0,0,33,3/1/2019,49,TRUE,MDW-MCO,Friday,FALSE
4,3/1/2019,2124,48,2305,WN,Southwest Airlines Co.,3919,N746SW,144,150,126,103,109,MDW,Chicago Midway International Airport,MCO,Orlando International Airport,989,3,15,0,N,0,13,0,0,0,90,3/1/2019,103,TRUE,MDW-MCO,Friday,FALSE
4,3/1/2019,2143,37,2315,WN,Southwest Airlines Co.,396,N407WN,114,120,100,82,88,MDW,Chicago Midway International Airport,MHT,Manchester-Boston Regional Airport,838,4,10,0,N,0,82,0,0,0,0,3/1/2019,82,TRUE,MDW-MHT,Friday,FALSE
4,3/1/2019,645,957,935,WN,Southwest Airlines Co.,1674,N422WN,132,120,109,22,10,MDW,Chicago Midway International Airport,MHT,Manchester-Boston Regional Airport,838,3,20,0,N,0,10,0,12,0,0,3/1/2019,22,TRUE,MDW-MHT,Friday,FALSE
4,3/1/2019,1849,2146,2110,WN,Southwest Airlines Co.,1951,N674AA,117,125,106,36,44,MDW,Chicago Midway International Airport,MHT,Manchester-Boston Regional Airport,838,4,7,0,N,0,31,0,0,0,5,3/1/2019,36,TRUE,MDW-MHT,Friday,FALSE
4,3/1/2019,1417,1717,1645,WN,Southwest Airlines Co.,2524,N458WN,120,120,105,32,32,MDW,Chicago Midway International Airport,MHT,Manchester-Boston Regional Airport,838,4,11,0,N,0,28,0,0,0,4,3/1/2019,32,TRUE,MDW-MHT,Friday,FALSE
4,3/1/2019,1103,1359,1340,WN,Southwest Airlines Co.,2813,N761RR,116,120,106,19,23,MDW,Chicago Midway International Airport,MHT,Manchester-Boston Regional Airport,838,3,7,0,N,0,19,0,0,0,0,3/1/2019,19,TRUE,MDW-MHT,Friday,FALSE
4,3/1/2019,954,1240,1150,WN,Southwest Airlines Co.,142,N758SW,286,285,265,50,49,MDW,Chicago Midway International Airport,OAK,Oakland International Airport,1844,4,17,0,N,0,49,0,1,0,0,3/1/2019,50,TRUE,MDW-OAK,Friday,FALSE
4,3/1/2019,1412,1659,1435,WN,Southwest Airlines Co.,562,N739GB,287,280,272,144,137,MDW,Chicago Midway International Airport,OAK,Oakland International Airport,1844,6,9,0,N,0,47,0,7,0,90,3/1/2019,144,TRUE,MDW-OAK,Friday,FALSE
4,3/1/2019,2117,11,2250,WN,Southwest Airlines Co.,1076,N411WN,294,280,265,81,67,MDW,Chicago Midway International Airport,OAK,Oakland International Airport,1844,5,24,0,N,0,41,0,14,0,26,3/1/2019,81,TRUE,MDW-OAK,Friday,FALSE
4,3/1/2019,1443,1743,1615,WN,Southwest Airlines Co.,2195,N479WN,300,285,272,88,73,MDW,Chicago Midway International Airport,OAK,Oakland International Airport,1844,17,11,0,N,0,40,0,15,0,33,3/1/2019,88,TRUE,MDW-OAK,Friday,FALSE
4,3/1/2019,1020,1137,1120,WN,Southwest Airlines Co.,555,N506SW,77,85,68,17,25,MDW,Chicago Midway International Airport,OMA,Eppley Airfield,423,2,7,0,N,0,8,0,0,0,9,3/1/2019,17,TRUE,MDW-OMA,Friday,FALSE
4,3/1/2019,1429,1547,1400,WN,Southwest Airlines Co.,1066,N440LV,78,85,63,107,114,MDW,Chicago Midway International Airport,OMA,Eppley Airfield,423,3,12,0,N,0,100,0,0,0,7,3/1/2019,107,TRUE,MDW-OMA,Friday,FALSE
4,3/1/2019,1841,2004,1900,WN,Southwest Airlines Co.,1423,N658SW,83,85,68,64,66,MDW,Chicago Midway International Airport,OMA,Eppley Airfield,423,3,12,0,N,0,63,0,0,0,1,3/1/2019,64,TRUE,MDW-OMA,Friday,FALSE
4,3/1/2019,2239,2358,2240,WN,Southwest Airlines Co.,3491,N523SW,79,85,67,78,84,MDW,Chicago Midway International Airport,OMA,Eppley Airfield,423,2,10,0,N,0,7,0,0,0,71,3/1/2019,78,TRUE,MDW-OMA,Friday,FALSE
4,3/1/2019,1741,1901,1725,WN,Southwest Airlines Co.,3832,N205WN,80,85,66,96,101,MDW,Chicago Midway International Airport,OMA,Eppley Airfield,423,2,12,0,N,0,9,0,0,0,87,3/1/2019,96,TRUE,MDW-OMA,Friday,FALSE
4,3/1/2019,2041,2327,2210,WN,Southwest Airlines Co.,3510,N298WN,106,115,92,77,86,MDW,Chicago Midway International Airport,ORF,Norfolk International Airport,704,3,11,0,N,0,77,0,0,0,0,3/1/2019,77,TRUE,MDW-ORF,Friday,FALSE
4,3/1/2019,1921,2142,2105,WN,Southwest Airlines Co.,2804,N255WN,261,270,244,37,46,MDW,Chicago Midway International Airport,PDX,Portland International Airport,1751,4,13,0,N,0,37,0,0,0,0,3/1/2019,37,TRUE,MDW-PDX,Friday,FALSE
4,3/1/2019,2047,2331,2145,WN,Southwest Airlines Co.,1136,N733SA,104,120,90,106,122,MDW,Chicago Midway International Airport,PHL,Philadelphia International Airport,668,5,9,0,N,0,21,0,0,0,85,3/1/2019,106,TRUE,MDW-PHL,Friday,FALSE
4,3/1/2019,1812,2054,2025,WN,Southwest Airlines Co.,2789,N209WN,102,130,86,29,57,MDW,Chicago Midway International Airport,PHL,Philadelphia International Airport,668,6,10,0,N,0,12,0,0,0,17,3/1/2019,29,TRUE,MDW-PHL,Friday,FALSE
4,3/1/2019,618,912,855,WN,Southwest Airlines Co.,3153,N347SW,114,115,95,17,18,MDW,Chicago Midway International Airport,PHL,Philadelphia International Airport,668,4,15,0,N,0,17,0,0,0,0,3/1/2019,17,TRUE,MDW-PHL,Friday,FALSE
4,3/1/2019,2205,43,25,WN,Southwest Airlines Co.,3927,N459WN,98,110,84,18,30,MDW,Chicago Midway International Airport,PHL,Philadelphia International Airport,668,4,10,0,N,0,4,0,0,0,14,3/1/2019,18,TRUE,MDW-PHL,Friday,FALSE
4,3/1/2019,1608,1902,1805,WN,Southwest Airlines Co.,921,N430WN,234,235,215,57,58,MDW,Chicago Midway International Airport,PHX,Phoenix Sky Harbor International Airport,1444,5,14,0,N,0,43,0,0,0,14,3/1/2019,57,TRUE,MDW-PHX,Friday,FALSE
4,3/1/2019,2126,24,2300,WN,Southwest Airlines Co.,1023,N216WR,238,230,215,84,76,MDW,Chicago Midway International Airport,PHX,Phoenix Sky Harbor International Airport,1444,3,20,0,N,0,35,0,8,0,41,3/1/2019,84,TRUE,MDW-PHX,Friday,FALSE
4,3/1/2019,1757,2043,2020,WN,Southwest Airlines Co.,1827,N420WN,226,235,212,23,32,MDW,Chicago Midway International Airport,PHX,Phoenix Sky Harbor International Airport,1444,6,8,0,N,0,23,0,0,0,0,3/1/2019,23,TRUE,MDW-PHX,Friday,FALSE
4,3/1/2019,1310,1555,1540,WN,Southwest Airlines Co.,1842,N723SW,225,235,209,15,25,MDW,Chicago Midway International Airport,PHX,Phoenix Sky Harbor International Airport,1444,5,11,0,N,0,15,0,0,0,0,3/1/2019,15,FALSE,MDW-PHX,Friday,FALSE
4,3/1/2019,2234,118,15,WN,Southwest Airlines Co.,3336,N208WN,224,225,212,63,64,MDW,Chicago Midway International Airport,PHX,Phoenix Sky Harbor International Airport,1444,4,8,0,N,0,32,0,0,0,31,3/1/2019,63,TRUE,MDW-PHX,Friday,FALSE
4,3/1/2019,1038,1322,1300,WN,Southwest Airlines Co.,3501,N732SW,224,230,208,22,28,MDW,Chicago Midway International Airport,PHX,Phoenix Sky Harbor International Airport,1444,5,11,0,N,0,22,0,0,0,0,3/1/2019,22,TRUE,MDW-PHX,Friday,FALSE
4,3/1/2019,2146,2350,2305,WN,Southwest Airlines Co.,337,N488WN,64,75,52,45,56,MDW,Chicago Midway International Airport,PIT,Pittsburgh International Airport,402,3,9,0,N,0,19,0,0,0,26,3/1/2019,45,TRUE,MDW-PIT,Friday,FALSE
4,3/1/2019,1542,1805,1730,WN,Southwest Airlines Co.,2445,N651SW,83,75,64,35,27,MDW,Chicago Midway International Airport,PIT,Pittsburgh International Airport,402,8,11,0,N,0,27,0,8,0,0,3/1/2019,35,TRUE,MDW-PIT,Friday,FALSE
4,3/1/2019,1147,1402,1330,WN,Southwest Airlines Co.,3170,N430WN,75,75,60,32,32,MDW,Chicago Midway International Airport,PIT,Pittsburgh International Airport,402,6,9,0,N,0,32,0,0,0,0,3/1/2019,32,TRUE,MDW-PIT,Friday,FALSE
4,3/1/2019,1852,2059,2010,WN,Southwest Airlines Co.,3249,N208WN,67,75,57,49,57,MDW,Chicago Midway International Airport,PIT,Pittsburgh International Airport,402,4,6,0,N,0,28,0,0,0,21,3/1/2019,49,TRUE,MDW-PIT,Friday,FALSE
4,3/1/2019,2154,50,2335,WN,Southwest Airlines Co.,2174,N623SW,116,125,104,75,84,MDW,Chicago Midway International Airport,PVD,Theodore Francis Green State Airport,842,4,8,0,N,0,40,0,0,0,35,3/1/2019,75,TRUE,MDW-PVD,Friday,FALSE
4,3/1/2019,1853,2153,2120,WN,Southwest Airlines Co.,3831,N451WN,120,125,105,33,38,MDW,Chicago Midway International Airport,PVD,Theodore Francis Green State Airport,842,5,10,0,N,0,14,0,0,0,19,3/1/2019,33,TRUE,MDW-PVD,Friday,FALSE
4,3/1/2019,1555,1834,1805,WN,Southwest Airlines Co.,255,N411WN,99,110,85,29,40,MDW,Chicago Midway International Airport,RDU,Raleigh-Durham International Airport,632,3,11,0,N,0,20,0,0,0,9,3/1/2019,29,TRUE,MDW-RDU,Friday,FALSE
4,3/1/2019,1229,1511,1455,WN,Southwest Airlines Co.,1429,N657SW,102,105,88,16,19,MDW,Chicago Midway International Airport,RDU,Raleigh-Durham International Airport,632,3,11,0,N,0,13,0,0,0,3,3/1/2019,16,TRUE,MDW-RDU,Friday,FALSE
4,3/1/2019,2103,2340,2300,WN,Southwest Airlines Co.,3063,N551WN,97,100,81,40,43,MDW,Chicago Midway International Airport,RDU,Raleigh-Durham International Airport,632,3,13,0,N,0,35,0,0,0,5,3/1/2019,40,TRUE,MDW-RDU,Friday,FALSE
4,3/1/2019,1523,1734,1650,WN,Southwest Airlines Co.,1276,N265WN,251,255,238,44,48,MDW,Chicago Midway International Airport,RNO,Reno/Tahoe International Airport,1680,5,8,0,N,0,31,0,0,0,13,3/1/2019,44,TRUE,MDW-RNO,Friday,FALSE
4,3/1/2019,2058,38,2340,WN,Southwest Airlines Co.,1558,N310SW,160,165,143,58,63,MDW,Chicago Midway International Airport,RSW,Southwest Florida International Airport,1105,5,12,0,N,0,52,0,0,0,6,3/1/2019,58,TRUE,MDW-RSW,Friday,FALSE
4,3/1/2019,1138,1517,1305,WN,Southwest Airlines Co.,3413,N374SW,159,170,144,132,143,MDW,Chicago Midway International Airport,RSW,Southwest Florida International Airport,1105,4,11,0,N,0,132,0,0,0,0,3/1/2019,132,TRUE,MDW-RSW,Friday,FALSE
4,3/1/2019,1341,1602,1505,WN,Southwest Airlines Co.,299,N718SW,261,265,249,57,61,MDW,Chicago Midway International Airport,SAN,San Diego International Airport (Lindbergh Field),1728,3,9,0,N,0,57,0,0,0,0,3/1/2019,57,TRUE,MDW-SAN,Friday,FALSE
4,3/1/2019,720,934,855,WN,Southwest Airlines Co.,339,N213WN,254,265,243,39,50,MDW,Chicago Midway International Airport,SAN,San Diego International Airport (Lindbergh Field),1728,3,8,0,N,0,39,0,0,0,0,3/1/2019,39,TRUE,MDW-SAN,Friday,FALSE
4,3/1/2019,914,1129,1045,WN,Southwest Airlines Co.,635,N729SW,255,265,244,44,54,MDW,Chicago Midway International Airport,SAN,San Diego International Airport (Lindbergh Field),1728,3,8,0,N,0,40,0,0,0,4,3/1/2019,44,TRUE,MDW-SAN,Friday,FALSE
4,3/1/2019,1457,1725,1655,WN,Southwest Airlines Co.,1188,N254WN,268,265,258,30,27,MDW,Chicago Midway International Airport,SAN,San Diego International Airport (Lindbergh Field),1728,2,8,0,N,0,23,0,3,0,4,3/1/2019,30,TRUE,MDW-SAN,Friday,FALSE
4,3/1/2019,1933,2202,2100,WN,Southwest Airlines Co.,2729,N754SW,269,265,253,62,58,MDW,Chicago Midway International Airport,SAN,San Diego International Airport (Lindbergh Field),1728,4,12,0,N,0,55,0,4,0,3,3/1/2019,62,TRUE,MDW-SAN,Friday,FALSE
4,3/1/2019,2112,2346,2140,WN,Southwest Airlines Co.,1394,N294WN,154,175,134,126,147,MDW,Chicago Midway International Airport,SAT,San Antonio International Airport,1036,3,17,0,N,0,44,0,0,0,82,3/1/2019,126,TRUE,MDW-SAT,Friday,FALSE
4,3/1/2019,2241,48,2300,WN,Southwest Airlines Co.,74,N764SW,67,65,53,108,106,MDW,Chicago Midway International Airport,SDF,Louisville International Airport (Standiford Field),271,5,9,0,N,0,54,0,2,0,52,3/1/2019,108,TRUE,MDW-SDF,Friday,FALSE
4,3/1/2019,1835,2035,2000,WN,Southwest Airlines Co.,693,N232WN,60,65,44,35,40,MDW,Chicago Midway International Airport,SDF,Louisville International Airport (Standiford Field),271,5,11,0,N,0,9,0,0,0,26,3/1/2019,35,TRUE,MDW-SDF,Friday,FALSE
4,3/1/2019,1424,1620,1600,WN,Southwest Airlines Co.,823,N725SW,56,65,42,20,29,MDW,Chicago Midway International Airport,SDF,Louisville International Airport (Standiford Field),271,5,9,0,N,0,10,0,0,0,10,3/1/2019,20,TRUE,MDW-SDF,Friday,FALSE
4,3/1/2019,2140,2,2230,WN,Southwest Airlines Co.,421,N205WN,262,270,242,92,100,MDW,Chicago Midway International Airport,SEA,Seattle-Tacoma International Airport,1733,4,16,0,N,0,92,0,0,0,0,3/1/2019,92,TRUE,MDW-SEA,Friday,FALSE
4,3/1/2019,824,1049,1025,WN,Southwest Airlines Co.,2702,N209WN,265,270,247,24,29,MDW,Chicago Midway International Airport,SEA,Seattle-Tacoma International Airport,1733,5,13,0,N,0,24,0,0,0,0,3/1/2019,24,TRUE,MDW-SEA,Friday,FALSE
4,3/1/2019,2131,29,2205,WN,Southwest Airlines Co.,1009,N478WN,298,290,274,144,136,MDW,Chicago Midway International Airport,SFO,San Francisco International Airport,1855,4,20,0,N,0,0,135,8,0,1,3/1/2019,144,TRUE,MDW-SFO,Friday,FALSE
4,3/1/2019,1736,2031,1555,WN,Southwest Airlines Co.,1837,N761RR,295,290,268,276,271,MDW,Chicago Midway International Airport,SFO,San Francisco International Airport,1855,4,23,0,N,0,266,0,5,0,5,3/1/2019,276,TRUE,MDW-SFO,Friday,FALSE
4,3/1/2019,1319,1615,1240,WN,Southwest Airlines Co.,3846,N751SW,296,290,267,215,209,MDW,Chicago Midway International Airport,SFO,San Francisco International Airport,1855,4,25,0,N,0,200,0,6,0,9,3/1/2019,215,TRUE,MDW-SFO,Friday,FALSE
4,3/1/2019,824,1059,1020,WN,Southwest Airlines Co.,220,N275WN,275,285,260,39,49,MDW,Chicago Midway International Airport,SJC,Norman Y. Mineta San José International Airport,1838,4,11,0,N,0,39,0,0,0,0,3/1/2019,39,TRUE,MDW-SJC,Friday,FALSE
4,3/1/2019,1900,2141,2100,WN,Southwest Airlines Co.,2199,N900WN,281,285,265,41,45,MDW,Chicago Midway International Airport,SJC,Norman Y. Mineta San José International Airport,1838,5,11,0,N,0,41,0,0,0,0,3/1/2019,41,TRUE,MDW-SJC,Friday,FALSE
4,3/1/2019,1024,1245,1155,WN,Southwest Airlines Co.,151,N750SA,201,210,186,50,59,MDW,Chicago Midway International Airport,SLC,Salt Lake City International Airport,1258,6,9,0,N,0,30,0,0,0,20,3/1/2019,50,TRUE,MDW-SLC,Friday,FALSE
4,3/1/2019,1725,1948,1910,WN,Southwest Airlines Co.,1662,N461WN,203,210,185,38,45,MDW,Chicago Midway International Airport,SLC,Salt Lake City International Airport,1258,4,14,0,N,0,38,0,0,0,0,3/1/2019,38,TRUE,MDW-SLC,Friday,FALSE
4,3/1/2019,2052,2319,2200,WN,Southwest Airlines Co.,163,N469WN,267,270,253,79,82,MDW,Chicago Midway International Airport,SMF,Sacramento International Airport,1790,4,10,0,N,0,15,0,0,0,64,3/1/2019,79,TRUE,MDW-SMF,Friday,FALSE
4,3/1/2019,840,1116,1055,WN,Southwest Airlines Co.,3145,N201LV,276,270,253,21,15,MDW,Chicago Midway International Airport,SMF,Sacramento International Airport,1790,3,20,0,N,0,15,0,6,0,0,3/1/2019,21,TRUE,MDW-SMF,Friday,FALSE
4,3/1/2019,1138,1235,1105,WN,Southwest Airlines Co.,29,N652SW,57,65,46,90,98,MDW,Chicago Midway International Airport,STL,St. Louis International Airport at Lambert Field,251,3,8,0,N,0,86,0,0,0,4,3/1/2019,90,TRUE,MDW-STL,Friday,FALSE
4,3/1/2019,2208,2259,2225,WN,Southwest Airlines Co.,393,N278WN,51,60,40,34,43,MDW,Chicago Midway International Airport,STL,St. Louis International Airport at Lambert Field,251,3,8,0,N,0,34,0,0,0,0,3/1/2019,34,TRUE,MDW-STL,Friday,FALSE
4,3/1/2019,1934,2037,2000,WN,Southwest Airlines Co.,490,N651SW,63,65,45,37,39,MDW,Chicago Midway International Airport,STL,St. Louis International Airport at Lambert Field,251,4,14,0,N,0,15,0,0,0,22,3/1/2019,37,TRUE,MDW-STL,Friday,FALSE
4,3/1/2019,634,740,725,WN,Southwest Airlines Co.,1586,N293,66,60,46,15,9,MDW,Chicago Midway International Airport,STL,St. Louis International Airport at Lambert Field,251,4,16,0,N,0,9,0,6,0,0,3/1/2019,15,FALSE,MDW-STL,Friday,FALSE
4,3/1/2019,1754,1853,1800,WN,Southwest Airlines Co.,2263,N514SW,59,65,49,53,59,MDW,Chicago Midway International Airport,STL,St. Louis International Airport at Lambert Field,251,4,6,0,N,0,47,0,0,0,6,3/1/2019,53,TRUE,MDW-STL,Friday,FALSE
4,3/1/2019,1355,1451,1410,WN,Southwest Airlines Co.,2361,N348SW,56,65,44,41,50,MDW,Chicago Midway International Airport,STL,St. Louis International Airport at Lambert Field,251,4,8,0,N,0,39,0,0,0,2,3/1/2019,41,TRUE,MDW-STL,Friday,FALSE
4,3/1/2019,2221,135,20,WN,Southwest Airlines Co.,514,N432WN,134,150,122,75,91,MDW,Chicago Midway International Airport,TPA,Tampa International Airport,997,3,9,0,N,0,44,0,0,0,31,3/1/2019,75,TRUE,MDW-TPA,Friday,FALSE
4,3/1/2019,1841,2200,2000,WN,Southwest Airlines Co.,1153,N440LV,139,155,126,120,136,MDW,Chicago Midway International Airport,TPA,Tampa International Airport,997,6,7,0,N,0,29,0,0,0,91,3/1/2019,120,TRUE,MDW-TPA,Friday,FALSE
4,3/1/2019,1149,1424,1350,WN,Southwest Airlines Co.,280,N460WN,215,225,202,34,44,MDW,Chicago Midway International Airport,TUS,Tucson International Airport,1440,3,10,0,N,0,25,0,0,0,9,3/1/2019,34,TRUE,MDW-TUS,Friday,FALSE
4,3/1/2019,2015,2301,2130,WN,Southwest Airlines Co.,422,N779SW,226,225,210,91,90,MDW,Chicago Midway International Airport,TUS,Tucson International Airport,1440,4,12,0,N,0,18,0,1,0,72,3/1/2019,91,TRUE,MDW-TUS,Friday,FALSE
4,3/1/2019,2211,2327,2300,WN,Southwest Airlines Co.,2038,N674AA,76,90,64,27,41,MHT,Manchester-Boston Regional Airport,BWI,Baltimore-Washington International Airport,377,3,9,0,N,0,3,0,0,0,24,3/1/2019,27,TRUE,MHT-BWI,Friday,FALSE
4,3/1/2019,1512,1656,1620,WN,Southwest Airlines Co.,2437,N225WN,104,95,69,36,27,MHT,Manchester-Boston Regional Airport,BWI,Baltimore-Washington International Airport,377,27,8,0,N,0,11,0,9,0,16,3/1/2019,36,TRUE,MHT-BWI,Friday,FALSE
4,3/1/2019,1755,1910,1850,WN,Southwest Airlines Co.,2611,N458WN,75,95,60,20,40,MHT,Manchester-Boston Regional Airport,BWI,Baltimore-Washington International Airport,377,5,10,0,N,0,4,0,0,0,16,3/1/2019,20,TRUE,MHT-BWI,Friday,FALSE
4,3/1/2019,1404,1518,1435,WN,Southwest Airlines Co.,3691,N257WN,74,90,61,43,59,MHT,Manchester-Boston Regional Airport,BWI,Baltimore-Washington International Airport,377,3,10,0,N,0,4,0,0,0,39,3/1/2019,43,TRUE,MHT-BWI,Friday,FALSE
4,3/1/2019,754,1028,950,WN,Southwest Airlines Co.,2719,N466WN,334,365,320,38,69,MHT,Manchester-Boston Regional Airport,LAS,McCarran International Airport,2356,5,9,0,N,0,38,0,0,0,0,3/1/2019,38,TRUE,MHT-LAS,Friday,FALSE
4,3/1/2019,1909,2158,2010,WN,Southwest Airlines Co.,2213,N291WN,169,200,155,108,139,MHT,Manchester-Boston Regional Airport,MCO,Orlando International Airport,1142,3,11,0,N,0,6,0,0,0,102,3/1/2019,108,TRUE,MHT-MCO,Friday,FALSE
4,3/1/2019,2332,216,30,WN,Southwest Airlines Co.,3680,N606SW,164,195,155,106,137,MHT,Manchester-Boston Regional Airport,MCO,Orlando International Airport,1142,3,6,0,N,0,0,0,0,0,106,3/1/2019,106,TRUE,MHT-MCO,Friday,FALSE
4,3/1/2019,1048,1201,1140,WN,Southwest Airlines Co.,813,N679AA,133,155,117,21,43,MHT,Manchester-Boston Regional Airport,MDW,Chicago Midway International Airport,838,6,10,0,N,0,3,0,0,0,18,3/1/2019,21,TRUE,MHT-MDW,Friday,FALSE
4,3/1/2019,1824,1941,1925,WN,Southwest Airlines Co.,2888,N713SW,137,155,124,16,34,MHT,Manchester-Boston Regional Airport,MDW,Chicago Midway International Airport,838,6,7,0,N,0,0,0,0,0,16,3/1/2019,16,TRUE,MHT-MDW,Friday,FALSE
4,3/1/2019,1448,1601,1545,WN,Southwest Airlines Co.,2900,N761RR,133,155,120,16,38,MHT,Manchester-Boston Regional Airport,MDW,Chicago Midway International Airport,838,6,7,0,N,0,8,0,0,0,8,3/1/2019,16,TRUE,MHT-MDW,Friday,FALSE
4,3/1/2019,1740,1852,1800,WN,Southwest Airlines Co.,312,N604SW,72,90,57,52,70,MHT,Manchester-Boston Regional Airport,PHL,Philadelphia International Airport,290,6,9,0,N,0,12,0,0,0,40,3/1/2019,52,TRUE,MHT-PHL,Friday,FALSE
4,3/1/2019,950,1105,1045,WN,Southwest Airlines Co.,2463,N771SA,75,85,57,20,30,MHT,Manchester-Boston Regional Airport,PHL,Philadelphia International Airport,290,7,11,0,N,0,16,0,0,0,4,3/1/2019,20,TRUE,MHT-PHL,Friday,FALSE
4,3/1/2019,1300,1417,1340,WN,Southwest Airlines Co.,3316,N290WN,77,90,65,37,50,MHT,Manchester-Boston Regional Airport,PHL,Philadelphia International Airport,290,4,8,0,N,0,4,0,0,0,33,3/1/2019,37,TRUE,MHT-PHL,Friday,FALSE
4,3/1/2019,946,1259,1125,WN,Southwest Airlines Co.,3241,N221WN,193,210,164,94,111,MHT,Manchester-Boston Regional Airport,TPA,Tampa International Airport,1204,5,24,0,N,0,94,0,0,0,0,3/1/2019,94,TRUE,MHT-TPA,Friday,FALSE
4,3/1/2019,1249,1343,1235,WN,Southwest Airlines Co.,521,N781WN,54,75,47,68,89,MSY,Louis Armstrong New Orleans International Airport,BHM,Birmingham-Shuttlesworth International Airport,321,2,5,0,N,0,60,0,0,0,8,3/1/2019,68,TRUE,MSY-BHM,Friday,FALSE
4,3/1/2019,837,1204,1140,WN,Southwest Airlines Co.,432,N643SW,147,135,140,24,12,MSY,Louis Armstrong New Orleans International Airport,BWI,Baltimore-Washington International Airport,998,2,5,0,N,0,12,0,12,0,0,3/1/2019,24,TRUE,MSY-BWI,Friday,FALSE
4,3/1/2019,1626,1748,1630,WN,Southwest Airlines Co.,1936,N295WN,82,85,71,78,81,MSY,Louis Armstrong New Orleans International Airport,DAL,Dallas Love Field,437,5,6,0,N,0,65,0,0,0,13,3/1/2019,78,TRUE,MSY-DAL,Friday,FALSE
4,3/1/2019,1530,1634,1505,WN,Southwest Airlines Co.,223,N677AA,64,70,54,89,95,MSY,Louis Armstrong New Orleans International Airport,HOU,William P. Hobby Airport,303,4,6,0,N,0,82,0,0,0,7,3/1/2019,89,TRUE,MSY-HOU,Friday,FALSE
4,3/1/2019,2007,2106,2040,WN,Southwest Airlines Co.,570,N357SW,59,70,53,26,37,MSY,Louis Armstrong New Orleans International Airport,HOU,William P. Hobby Airport,303,2,4,0,N,0,0,0,0,0,26,3/1/2019,26,TRUE,MSY-HOU,Friday,FALSE
4,3/1/2019,1316,1413,1245,WN,Southwest Airlines Co.,689,N426WN,57,70,50,88,101,MSY,Louis Armstrong New Orleans International Airport,HOU,William P. Hobby Airport,303,3,4,0,N,0,55,0,0,0,33,3/1/2019,88,TRUE,MSY-HOU,Friday,FALSE
4,3/1/2019,1708,1815,1755,WN,Southwest Airlines Co.,1192,N274WN,67,70,55,20,23,MSY,Louis Armstrong New Orleans International Airport,HOU,William P. Hobby Airport,303,3,9,0,N,0,10,0,0,0,10,3/1/2019,20,TRUE,MSY-HOU,Friday,FALSE
4,3/1/2019,1740,1948,1855,WN,Southwest Airlines Co.,714,N305SW,128,130,115,53,55,MSY,Louis Armstrong New Orleans International Airport,MDW,Chicago Midway International Airport,825,7,6,0,N,0,8,0,0,0,45,3/1/2019,53,TRUE,MSY-MDW,Friday,FALSE
4,3/1/2019,1324,1548,1510,WN,Southwest Airlines Co.,169,N550WN,204,220,193,38,54,MSY,Louis Armstrong New Orleans International Airport,PHX,Phoenix Sky Harbor International Airport,1301,5,6,0,N,0,3,0,0,0,35,3/1/2019,38,TRUE,MSY-PHX,Friday,FALSE
4,3/1/2019,1406,1622,1505,WN,Southwest Airlines Co.,788,N427WN,76,85,67,77,86,MSY,Louis Armstrong New Orleans International Airport,TPA,Tampa International Airport,487,4,5,0,N,0,64,0,0,0,13,3/1/2019,77,TRUE,MSY-TPA,Friday,FALSE
4,3/1/2019,1148,1459,1410,WN,Southwest Airlines Co.,45,N631SW,131,135,110,49,53,OAK,Oakland International Airport,ABQ,Albuquerque International Sunport,889,5,16,0,N,0,49,0,0,0,0,3/1/2019,49,TRUE,OAK-ABQ,Friday,FALSE
4,3/1/2019,1938,2256,2230,WN,Southwest Airlines Co.,527,N727SW,138,130,107,26,18,OAK,Oakland International Airport,ABQ,Albuquerque International Sunport,889,5,26,0,N,0,0,0,8,0,18,3/1/2019,26,TRUE,OAK-ABQ,Friday,FALSE
4,3/1/2019,1152,1802,1730,WN,Southwest Airlines Co.,882,N774SW,250,250,232,32,32,OAK,Oakland International Airport,BNA,Nashville International Airport,1959,5,13,0,N,0,21,0,0,0,11,3/1/2019,32,TRUE,OAK-BNA,Friday,FALSE
4,3/1/2019,1051,1314,1240,WN,Southwest Airlines Co.,783,N306SW,83,90,66,34,41,OAK,Oakland International Airport,BOI,Boise Airport (Boise Air Terminal),511,3,14,0,N,0,12,0,0,0,22,3/1/2019,34,TRUE,OAK-BOI,Friday,FALSE
4,3/1/2019,1953,2218,2200,WN,Southwest Airlines Co.,2612,N479WN,85,85,64,18,18,OAK,Oakland International Airport,BOI,Boise Airport (Boise Air Terminal),511,3,18,0,N,0,18,0,0,0,0,3/1/2019,18,TRUE,OAK-BOI,Friday,FALSE
4,3/1/2019,1632,1738,1720,WN,Southwest Airlines Co.,346,N489WN,66,65,48,18,17,OAK,Oakland International Airport,BUR,Bob Hope Airport (Hollywood Burbank Airport),325,3,15,0,N,0,0,0,1,0,17,3/1/2019,18,TRUE,OAK-BUR,Friday,FALSE
4,3/1/2019,2000,2109,2000,WN,Southwest Airlines Co.,444,N682SW,69,65,49,69,65,OAK,Oakland International Airport,BUR,Bob Hope Airport (Hollywood Burbank Airport),325,2,18,0,N,0,0,0,4,0,65,3/1/2019,69,TRUE,OAK-BUR,Friday,FALSE
4,3/1/2019,1502,1607,1550,WN,Southwest Airlines Co.,481,N413WN,65,65,49,17,17,OAK,Oakland International Airport,BUR,Bob Hope Airport (Hollywood Burbank Airport),325,2,14,0,N,0,14,0,0,0,3,3/1/2019,17,TRUE,OAK-BUR,Friday,FALSE
4,3/1/2019,1229,1341,1240,WN,Southwest Airlines Co.,891,N400WN,72,65,49,61,54,OAK,Oakland International Airport,BUR,Bob Hope Airport (Hollywood Burbank Airport),325,2,21,0,N,0,1,0,7,0,53,3/1/2019,61,TRUE,OAK-BUR,Friday,FALSE
4,3/1/2019,2051,2151,2120,WN,Southwest Airlines Co.,1150,N235WN,60,65,48,31,36,OAK,Oakland International Airport,BUR,Bob Hope Airport (Hollywood Burbank Airport),325,2,10,0,N,0,14,0,0,0,17,3/1/2019,31,TRUE,OAK-BUR,Friday,FALSE
4,3/1/2019,1628,1729,1625,WN,Southwest Airlines Co.,1311,N605SW,61,65,50,64,68,OAK,Oakland International Airport,BUR,Bob Hope Airport (Hollywood Burbank Airport),325,1,10,0,N,0,17,0,0,0,47,3/1/2019,64,TRUE,OAK-BUR,Friday,FALSE
4,3/1/2019,1816,1921,1855,WN,Southwest Airlines Co.,2550,N771SA,65,65,49,26,26,OAK,Oakland International Airport,BUR,Bob Hope Airport (Hollywood Burbank Airport),325,2,14,0,N,0,13,0,0,0,13,3/1/2019,26,TRUE,OAK-BUR,Friday,FALSE
4,3/1/2019,1243,1345,1325,WN,Southwest Airlines Co.,2614,N602SW,62,65,50,20,23,OAK,Oakland International Airport,BUR,Bob Hope Airport (Hollywood Burbank Airport),325,2,10,0,N,0,20,0,0,0,0,3/1/2019,20,TRUE,OAK-BUR,Friday,FALSE
4,3/1/2019,2059,2206,2035,WN,Southwest Airlines Co.,2732,N705SW,67,65,48,91,89,OAK,Oakland International Airport,BUR,Bob Hope Airport (Hollywood Burbank Airport),325,2,17,0,N,0,15,0,2,0,74,3/1/2019,91,TRUE,OAK-BUR,Friday,FALSE
4,3/1/2019,2146,2251,2155,WN,Southwest Airlines Co.,3589,N601WN,65,65,51,56,56,OAK,Oakland International Airport,BUR,Bob Hope Airport (Hollywood Burbank Airport),325,2,12,0,N,0,13,0,0,0,43,3/1/2019,56,TRUE,OAK-BUR,Friday,FALSE
4,3/1/2019,1740,2055,2015,WN,Southwest Airlines Co.,497,N445WN,135,145,113,40,50,OAK,Oakland International Airport,DEN,Denver International Airport,957,8,14,0,N,0,0,0,7,0,33,3/1/2019,40,TRUE,OAK-DEN,Friday,FALSE
4,3/1/2019,2010,2326,2235,WN,Southwest Airlines Co.,1426,N720WN,136,145,114,51,60,OAK,Oakland International Airport,DEN,Denver International Airport,957,8,14,0,N,0,10,0,0,0,41,3/1/2019,51,TRUE,OAK-DEN,Friday,FALSE
4,3/1/2019,2155,2350,2140,WN,Southwest Airlines Co.,223,N223WN,115,120,93,130,135,OAK,Oakland International Airport,GEG,Spokane International Airport,723,5,17,0,N,0,19,0,0,0,111,3/1/2019,130,TRUE,OAK-GEG,Friday,FALSE
4,3/1/2019,1620,2144,2100,WN,Southwest Airlines Co.,78,N268WN,204,220,189,44,60,OAK,Oakland International Airport,HOU,William P. Hobby Airport,1642,3,12,0,N,0,14,0,0,0,30,3/1/2019,44,TRUE,OAK-HOU,Friday,FALSE
4,3/1/2019,1623,1752,1625,WN,Southwest Airlines Co.,302,N473WN,89,85,62,87,83,OAK,Oakland International Airport,LAS,McCarran International Airport,407,4,23,0,N,0,83,0,4,0,0,3/1/2019,87,TRUE,OAK-LAS,Friday,FALSE
4,3/1/2019,2154,2314,2205,WN,Southwest Airlines Co.,428,N683SW,80,85,63,69,74,OAK,Oakland International Airport,LAS,McCarran International Airport,407,4,13,0,N,0,2,0,0,0,67,3/1/2019,69,TRUE,OAK-LAS,Friday,FALSE
4,3/1/2019,1322,1444,1410,WN,Southwest Airlines Co.,500,N799SW,82,85,64,34,37,OAK,Oakland International Airport,LAS,McCarran International Airport,407,3,15,0,N,0,34,0,0,0,0,3/1/2019,34,TRUE,OAK-LAS,Friday,FALSE
4,3/1/2019,2059,2220,2105,WN,Southwest Airlines Co.,890,N788SA,81,80,61,75,74,OAK,Oakland International Airport,LAS,McCarran International Airport,407,6,14,0,N,0,41,0,1,0,33,3/1/2019,75,TRUE,OAK-LAS,Friday,FALSE
4,3/1/2019,1504,1631,1520,WN,Southwest Airlines Co.,1585,N766SW,87,85,66,71,69,OAK,Oakland International Airport,LAS,McCarran International Airport,407,8,13,0,N,0,50,0,2,0,19,3/1/2019,71,TRUE,OAK-LAS,Friday,FALSE
4,3/1/2019,1615,1741,1705,WN,Southwest Airlines Co.,2632,N784SW,86,85,65,36,35,OAK,Oakland International Airport,LAS,McCarran International Airport,407,5,16,0,N,0,16,0,1,0,19,3/1/2019,36,TRUE,OAK-LAS,Friday,FALSE
4,3/1/2019,1647,1829,1755,WN,Southwest Airlines Co.,3327,N282WN,102,85,59,34,17,OAK,Oakland International Airport,LAS,McCarran International Airport,407,20,23,0,N,0,2,0,17,0,15,3/1/2019,34,TRUE,OAK-LAS,Friday,FALSE
4,3/1/2019,2142,2310,2245,WN,Southwest Airlines Co.,3396,N787SA,88,85,59,25,22,OAK,Oakland International Airport,LAS,McCarran International Airport,407,17,12,0,N,0,22,0,3,0,0,3/1/2019,25,TRUE,OAK-LAS,Friday,FALSE
4,3/1/2019,1816,1954,1910,WN,Southwest Airlines Co.,3940,N434WN,98,85,61,44,31,OAK,Oakland International Airport,LAS,McCarran International Airport,407,20,17,0,N,0,0,0,13,0,31,3/1/2019,44,TRUE,OAK-LAS,Friday,FALSE
4,3/1/2019,928,1042,1020,WN,Southwest Airlines Co.,96,N311SW,74,80,54,22,28,OAK,Oakland International Airport,LAX,Los Angeles International Airport,337,6,14,0,N,0,9,0,0,0,13,3/1/2019,22,TRUE,OAK-LAX,Friday,FALSE
4,3/1/2019,1551,1704,1645,WN,Southwest Airlines Co.,230,N364SW,73,75,52,19,21,OAK,Oakland International Airport,LAX,Los Angeles International Airport,337,6,15,0,N,0,9,0,0,0,10,3/1/2019,19,TRUE,OAK-LAX,Friday,FALSE
4,3/1/2019,2015,2138,2120,WN,Southwest Airlines Co.,252,N359SW,83,80,59,18,15,OAK,Oakland International Airport,LAX,Los Angeles International Airport,337,7,17,0,N,0,3,0,3,0,12,3/1/2019,18,TRUE,OAK-LAX,Friday,FALSE
4,3/1/2019,1821,1949,1845,WN,Southwest Airlines Co.,925,N384SW,88,75,58,64,51,OAK,Oakland International Airport,LAX,Los Angeles International Airport,337,8,22,0,N,0,8,0,13,0,43,3/1/2019,64,TRUE,OAK-LAX,Friday,FALSE
4,3/1/2019,1426,1545,1515,WN,Southwest Airlines Co.,1107,N708SA,79,75,51,30,26,OAK,Oakland International Airport,LAX,Los Angeles International Airport,337,19,9,0,N,0,19,0,4,0,7,3/1/2019,30,TRUE,OAK-LAX,Friday,FALSE
4,3/1/2019,2221,2335,2215,WN,Southwest Airlines Co.,1192,N274WN,74,75,52,80,81,OAK,Oakland International Airport,LAX,Los Angeles International Airport,337,9,13,0,N,0,18,0,0,0,62,3/1/2019,80,TRUE,OAK-LAX,Friday,FALSE
4,3/1/2019,1937,2051,1945,WN,Southwest Airlines Co.,1485,N605SW,74,75,52,66,67,OAK,Oakland International Airport,LAX,Los Angeles International Airport,337,6,16,0,N,0,1,0,0,0,65,3/1/2019,66,TRUE,OAK-LAX,Friday,FALSE
4,3/1/2019,1730,1859,1715,WN,Southwest Airlines Co.,1671,N684WN,89,75,55,104,90,OAK,Oakland International Airport,LAX,Los Angeles International Airport,337,15,19,0,N,0,1,0,14,0,89,3/1/2019,104,TRUE,OAK-LAX,Friday,FALSE
4,3/1/2019,1731,1844,1815,WN,Southwest Airlines Co.,2208,N632SW,73,75,53,29,31,OAK,Oakland International Airport,LAX,Los Angeles International Airport,337,6,14,0,N,0,0,0,0,0,29,3/1/2019,29,TRUE,OAK-LAX,Friday,FALSE
4,3/1/2019,1122,1237,1215,WN,Southwest Airlines Co.,2733,N647SW,75,75,57,22,22,OAK,Oakland International Airport,LAX,Los Angeles International Airport,337,6,12,0,N,0,9,0,0,0,13,3/1/2019,22,TRUE,OAK-LAX,Friday,FALSE
4,3/1/2019,1827,1952,1915,WN,Southwest Airlines Co.,3394,N667SW,85,75,55,37,27,OAK,Oakland International Airport,LAX,Los Angeles International Airport,337,7,23,0,N,0,13,0,10,0,14,3/1/2019,37,TRUE,OAK-LAX,Friday,FALSE
4,3/1/2019,1935,2049,2015,WN,Southwest Airlines Co.,3939,N654SW,74,75,53,34,35,OAK,Oakland International Airport,LAX,Los Angeles International Airport,337,5,16,0,N,0,13,0,0,0,21,3/1/2019,34,TRUE,OAK-LAX,Friday,FALSE
4,3/1/2019,1433,1936,1905,WN,Southwest Airlines Co.,3829,N465WN,183,205,170,31,53,OAK,Oakland International Airport,MCI,Kansas City International Airport,1489,5,8,0,N,0,23,0,0,0,8,3/1/2019,31,TRUE,OAK-MCI,Friday,FALSE
4,3/1/2019,1519,2102,2025,WN,Southwest Airlines Co.,514,N432WN,223,240,210,37,54,OAK,Oakland International Airport,MDW,Chicago Midway International Airport,1844,5,8,0,N,0,19,0,0,0,18,3/1/2019,37,TRUE,OAK-MDW,Friday,FALSE
4,3/1/2019,1358,1953,1815,WN,Southwest Airlines Co.,1136,N733SA,235,245,213,98,108,OAK,Oakland International Airport,MDW,Chicago Midway International Airport,1844,7,15,0,N,0,25,0,0,0,73,3/1/2019,98,TRUE,OAK-MDW,Friday,FALSE
4,3/1/2019,1943,137,2310,WN,Southwest Airlines Co.,2091,N426WN,234,235,204,147,148,OAK,Oakland International Airport,MDW,Chicago Midway International Airport,1844,6,24,0,N,0,19,0,0,0,128,3/1/2019,147,TRUE,OAK-MDW,Friday,FALSE
4,3/1/2019,2115,2235,2115,WN,Southwest Airlines Co.,464,N795SW,80,75,56,80,75,OAK,Oakland International Airport,ONT,Ontario International Airport,361,5,19,0,N,0,24,0,5,0,51,3/1/2019,80,TRUE,OAK-ONT,Friday,FALSE
4,3/1/2019,2217,2329,2205,WN,Southwest Airlines Co.,582,N629SW,72,75,56,84,87,OAK,Oakland International Airport,ONT,Ontario International Airport,361,5,11,0,N,0,21,0,0,0,63,3/1/2019,84,TRUE,OAK-ONT,Friday,FALSE
4,3/1/2019,1812,1926,1820,WN,Southwest Airlines Co.,835,N460WN,74,75,54,66,67,OAK,Oakland International Airport,ONT,Ontario International Airport,361,4,16,0,N,0,14,0,0,0,52,3/1/2019,66,TRUE,OAK-ONT,Friday,FALSE
4,3/1/2019,1323,1452,1400,WN,Southwest Airlines Co.,898,N328SW,89,75,57,52,38,OAK,Oakland International Airport,ONT,Ontario International Airport,361,5,27,0,N,0,17,0,14,0,21,3/1/2019,52,TRUE,OAK-ONT,Friday,FALSE
4,3/1/2019,1932,2051,2005,WN,Southwest Airlines Co.,988,N636WN,79,75,57,46,42,OAK,Oakland International Airport,ONT,Ontario International Airport,361,5,17,0,N,0,8,0,4,0,34,3/1/2019,46,TRUE,OAK-ONT,Friday,FALSE
4,3/1/2019,1550,1710,1655,WN,Southwest Airlines Co.,3765,N654SW,80,75,55,15,10,OAK,Oakland International Airport,ONT,Ontario International Airport,361,4,21,0,N,0,7,0,5,0,3,3/1/2019,15,FALSE,OAK-ONT,Friday,FALSE
4,3/1/2019,1743,1921,1830,WN,Southwest Airlines Co.,430,N328SW,98,100,79,51,53,OAK,Oakland International Airport,PDX,Portland International Airport,543,4,15,0,N,0,29,0,0,0,22,3/1/2019,51,TRUE,OAK-PDX,Friday,FALSE
4,3/1/2019,2238,6,2255,WN,Southwest Airlines Co.,644,N423WN,88,100,73,71,83,OAK,Oakland International Airport,PDX,Portland International Airport,543,5,10,0,N,0,8,0,0,0,63,3/1/2019,71,TRUE,OAK-PDX,Friday,FALSE
4,3/1/2019,2022,2157,2120,WN,Southwest Airlines Co.,829,N476WN,95,100,72,37,42,OAK,Oakland International Airport,PDX,Portland International Airport,543,8,15,0,N,0,11,0,0,0,26,3/1/2019,37,TRUE,OAK-PDX,Friday,FALSE
4,3/1/2019,2230,104,2340,WN,Southwest Airlines Co.,190,N378SW,94,110,84,84,100,OAK,Oakland International Airport,PHX,Phoenix Sky Harbor International Airport,646,2,8,0,N,0,0,0,6,0,78,3/1/2019,84,TRUE,OAK-PHX,Friday,FALSE
4,3/1/2019,2015,2255,2110,WN,Southwest Airlines Co.,1222,N304SW,100,115,86,105,120,OAK,Oakland International Airport,PHX,Phoenix Sky Harbor International Airport,646,4,10,0,N,0,2,0,0,0,103,3/1/2019,105,TRUE,OAK-PHX,Friday,FALSE
4,3/1/2019,1209,1447,1415,WN,Southwest Airlines Co.,1686,N207WN,98,110,86,32,44,OAK,Oakland International Airport,PHX,Phoenix Sky Harbor International Airport,646,3,9,0,N,0,6,0,0,0,26,3/1/2019,32,TRUE,OAK-PHX,Friday,FALSE
4,3/1/2019,1727,1824,1655,WN,Southwest Airlines Co.,985,N752SW,57,50,31,89,82,OAK,Oakland International Airport,RNO,Reno/Tahoe International Airport,180,5,21,0,N,0,14,0,7,0,68,3/1/2019,89,TRUE,OAK-RNO,Friday,FALSE
4,3/1/2019,1330,1435,1345,WN,Southwest Airlines Co.,3502,N601WN,65,50,33,50,35,OAK,Oakland International Airport,RNO,Reno/Tahoe International Airport,180,4,28,0,N,0,30,0,15,0,5,3/1/2019,50,TRUE,OAK-RNO,Friday,FALSE
4,3/1/2019,1736,1858,1815,WN,Southwest Airlines Co.,318,N474WN,82,85,61,43,46,OAK,Oakland International Airport,SAN,San Diego International Airport (Lindbergh Field),446,4,17,0,N,0,0,0,1,0,42,3/1/2019,43,TRUE,OAK-SAN,Friday,FALSE
4,3/1/2019,1457,1613,1550,WN,Southwest Airlines Co.,828,N270WN,76,80,66,23,27,OAK,Oakland International Airport,SAN,San Diego International Airport (Lindbergh Field),446,2,8,0,N,0,17,0,0,0,6,3/1/2019,23,TRUE,OAK-SAN,Friday,FALSE
4,3/1/2019,1213,1332,1305,WN,Southwest Airlines Co.,1065,N473WN,79,85,64,27,33,OAK,Oakland International Airport,SAN,San Diego International Airport (Lindbergh Field),446,3,12,0,N,0,5,0,0,0,22,3/1/2019,27,TRUE,OAK-SAN,Friday,FALSE
4,3/1/2019,1813,1945,1910,WN,Southwest Airlines Co.,1255,N361SW,92,85,66,35,28,OAK,Oakland International Airport,SAN,San Diego International Airport (Lindbergh Field),446,3,23,0,N,0,0,0,7,0,28,3/1/2019,35,TRUE,OAK-SAN,Friday,FALSE
4,3/1/2019,1945,2110,2055,WN,Southwest Airlines Co.,2269,N489WN,85,85,61,15,15,OAK,Oakland International Airport,SAN,San Diego International Airport (Lindbergh Field),446,3,21,0,N,0,0,0,5,0,10,3/1/2019,15,FALSE,OAK-SAN,Friday,FALSE
4,3/1/2019,1421,1539,1455,WN,Southwest Airlines Co.,2719,N466WN,78,85,64,44,51,OAK,Oakland International Airport,SAN,San Diego International Airport (Lindbergh Field),446,4,10,0,N,0,18,0,0,0,26,3/1/2019,44,TRUE,OAK-SAN,Friday,FALSE
4,3/1/2019,1651,1818,1745,WN,Southwest Airlines Co.,2884,N795SW,87,85,67,33,31,OAK,Oakland International Airport,SAN,San Diego International Airport (Lindbergh Field),446,4,16,0,N,0,11,0,2,0,20,3/1/2019,33,TRUE,OAK-SAN,Friday,FALSE
4,3/1/2019,2056,2221,2135,WN,Southwest Airlines Co.,3058,N224WN,85,85,66,46,46,OAK,Oakland International Airport,SAN,San Diego International Airport (Lindbergh Field),446,4,15,0,N,0,12,0,0,0,34,3/1/2019,46,TRUE,OAK-SAN,Friday,FALSE
4,3/1/2019,1503,1729,1615,WN,Southwest Airlines Co.,237,N281WN,146,120,91,74,48,OAK,Oakland International Airport,SEA,Seattle-Tacoma International Airport,671,5,50,0,N,0,8,0,26,0,40,3/1/2019,74,TRUE,OAK-SEA,Friday,FALSE
4,3/1/2019,1223,1413,1345,WN,Southwest Airlines Co.,256,N336SW,110,120,89,28,38,OAK,Oakland International Airport,SEA,Seattle-Tacoma International Airport,671,3,18,0,N,0,22,0,0,0,6,3/1/2019,28,TRUE,OAK-SEA,Friday,FALSE
4,3/1/2019,1800,2014,1935,WN,Southwest Airlines Co.,872,N337SW,134,120,106,39,25,OAK,Oakland International Airport,SEA,Seattle-Tacoma International Airport,671,4,24,0,N,0,12,0,14,0,13,3/1/2019,39,TRUE,OAK-SEA,Friday,FALSE
4,3/1/2019,1745,2000,1855,WN,Southwest Airlines Co.,1071,N315SW,135,120,113,65,50,OAK,Oakland International Airport,SEA,Seattle-Tacoma International Airport,671,7,15,0,N,0,20,0,15,0,30,3/1/2019,65,TRUE,OAK-SEA,Friday,FALSE
4,3/1/2019,2153,2347,2255,WN,Southwest Airlines Co.,2730,N273WN,114,120,91,52,58,OAK,Oakland International Airport,SEA,Seattle-Tacoma International Airport,671,5,18,0,N,0,20,0,0,0,32,3/1/2019,52,TRUE,OAK-SEA,Friday,FALSE
4,3/1/2019,1325,1611,1540,WN,Southwest Airlines Co.,125,N782SA,106,100,83,31,25,OAK,Oakland International Airport,SLC,Salt Lake City International Airport,588,2,21,0,N,0,21,0,6,0,4,3/1/2019,31,TRUE,OAK-SLC,Friday,FALSE
4,3/1/2019,2120,2359,2310,WN,Southwest Airlines Co.,246,N487WN,99,100,76,49,50,OAK,Oakland International Airport,SLC,Salt Lake City International Airport,588,6,17,0,N,0,8,0,0,0,41,3/1/2019,49,TRUE,OAK-SLC,Friday,FALSE
4,3/1/2019,1039,1316,1300,WN,Southwest Airlines Co.,1678,N219WN,97,105,77,16,24,OAK,Oakland International Airport,SLC,Salt Lake City International Airport,588,5,15,0,N,0,1,0,0,0,15,3/1/2019,16,TRUE,OAK-SLC,Friday,FALSE
4,3/1/2019,1741,2027,1920,WN,Southwest Airlines Co.,2282,N739GB,106,100,83,67,61,OAK,Oakland International Airport,SLC,Salt Lake City International Airport,588,3,20,0,N,0,0,0,6,0,61,3/1/2019,67,TRUE,OAK-SLC,Friday,FALSE
4,3/1/2019,1857,2027,2010,WN,Southwest Airlines Co.,80,N422WN,90,80,64,17,7,OAK,Oakland International Airport,SNA,John Wayne Airport (Orange County Airport),371,4,22,0,N,0,0,0,10,0,7,3/1/2019,17,TRUE,OAK-SNA,Friday,FALSE
4,3/1/2019,1716,1832,1750,WN,Southwest Airlines Co.,105,N292WN,76,80,60,42,46,OAK,Oakland International Airport,SNA,John Wayne Airport (Orange County Airport),371,4,12,0,N,0,30,0,0,0,12,3/1/2019,42,TRUE,OAK-SNA,Friday,FALSE
4,3/1/2019,1325,1453,1340,WN,Southwest Airlines Co.,1854,N758SW,88,80,63,73,65,OAK,Oakland International Airport,SNA,John Wayne Airport (Orange County Airport),371,3,22,0,N,0,15,0,8,0,50,3/1/2019,73,TRUE,OAK-SNA,Friday,FALSE
4,3/1/2019,1445,1602,1525,WN,Southwest Airlines Co.,3766,N434WN,77,80,62,37,40,OAK,Oakland International Airport,SNA,John Wayne Airport (Orange County Airport),371,3,12,0,N,0,17,0,0,0,20,3/1/2019,37,TRUE,OAK-SNA,Friday,FALSE
4,3/1/2019,1948,2025,1945,WN,Southwest Airlines Co.,900,N679AA,97,95,81,40,38,OKC,Will Rogers World Airport,DEN,Denver International Airport,495,8,8,0,N,0,11,0,2,0,27,3/1/2019,40,TRUE,OKC-DEN,Friday,FALSE
4,3/1/2019,1944,2053,1950,WN,Southwest Airlines Co.,1257,N507SW,69,80,60,63,74,OKC,Will Rogers World Airport,HOU,William P. Hobby Airport,419,2,7,0,N,0,5,0,0,0,58,3/1/2019,63,TRUE,OKC-HOU,Friday,FALSE
4,3/1/2019,1914,2017,2000,WN,Southwest Airlines Co.,1230,N677AA,63,65,50,17,19,OKC,Will Rogers World Airport,MCI,Kansas City International Airport,313,4,9,0,N,0,0,0,0,0,17,3/1/2019,17,TRUE,OKC-MCI,Friday,FALSE
4,3/1/2019,1717,1843,1750,WN,Southwest Airlines Co.,303,N683SW,146,145,135,53,52,OKC,Will Rogers World Airport,PHX,Phoenix Sky Harbor International Airport,833,4,7,0,N,0,5,0,1,0,47,3/1/2019,53,TRUE,OKC-PHX,Friday,FALSE
4,3/1/2019,1403,1525,1430,WN,Southwest Airlines Co.,877,N362SW,142,145,132,55,58,OKC,Will Rogers World Airport,PHX,Phoenix Sky Harbor International Airport,833,4,6,0,N,0,3,0,0,0,52,3/1/2019,55,TRUE,OKC-PHX,Friday,FALSE
4,3/1/2019,1658,1817,1750,WN,Southwest Airlines Co.,86,N627SW,79,80,67,27,28,OKC,Will Rogers World Airport,STL,St. Louis International Airport at Lambert Field,462,5,7,0,N,0,16,0,0,0,11,3/1/2019,27,TRUE,OKC-STL,Friday,FALSE
4,3/1/2019,2023,2153,2040,WN,Southwest Airlines Co.,153,N658SW,90,80,64,73,63,OMA,Eppley Airfield,MDW,Chicago Midway International Airport,423,19,7,0,N,0,0,0,10,0,63,3/1/2019,73,TRUE,OMA-MDW,Friday,FALSE
4,3/1/2019,1618,1733,1550,WN,Southwest Airlines Co.,1153,N440LV,75,80,63,103,108,OMA,Eppley Airfield,MDW,Chicago Midway International Airport,423,4,8,0,N,0,1,0,0,0,102,3/1/2019,103,TRUE,OMA-MDW,Friday,FALSE
4,3/1/2019,1121,1242,1225,WN,Southwest Airlines Co.,1333,N334SW,81,80,67,17,16,OMA,Eppley Airfield,MDW,Chicago Midway International Airport,423,6,8,0,N,0,5,0,1,0,11,3/1/2019,17,TRUE,OMA-MDW,Friday,FALSE
4,3/1/2019,1925,2045,1910,WN,Southwest Airlines Co.,3919,N205WN,80,80,61,95,95,OMA,Eppley Airfield,MDW,Chicago Midway International Airport,423,6,13,0,N,0,0,0,0,0,95,3/1/2019,95,TRUE,OMA-MDW,Friday,FALSE
4,3/1/2019,2045,2238,2100,WN,Southwest Airlines Co.,242,N797MX,173,175,161,98,100,OMA,Eppley Airfield,PHX,Phoenix Sky Harbor International Airport,1037,5,7,0,N,0,11,0,0,0,87,3/1/2019,98,TRUE,OMA-PHX,Friday,FALSE
4,3/1/2019,1925,2024,1925,WN,Southwest Airlines Co.,479,N622SW,59,65,49,59,65,OMA,Eppley Airfield,STL,St. Louis International Airport at Lambert Field,342,3,7,0,N,0,1,0,0,0,58,3/1/2019,59,TRUE,OMA-STL,Friday,FALSE
4,3/1/2019,1117,1645,1630,WN,Southwest Airlines Co.,879,N495WN,208,220,197,15,27,ONT,Ontario International Airport,BNA,Nashville International Airport,1751,6,5,0,N,0,5,0,0,0,10,3/1/2019,15,FALSE,ONT-BNA,Friday,FALSE
4,3/1/2019,1523,1627,1555,WN,Southwest Airlines Co.,239,N660SW,64,60,39,32,28,ONT,Ontario International Airport,LAS,McCarran International Airport,197,19,6,0,N,0,4,0,4,0,24,3/1/2019,32,TRUE,ONT-LAS,Friday,FALSE
4,3/1/2019,1718,1810,1715,WN,Southwest Airlines Co.,564,N455WN,52,60,42,55,63,ONT,Ontario International Airport,LAS,McCarran International Airport,197,3,7,0,N,0,9,0,0,0,46,3/1/2019,55,TRUE,ONT-LAS,Friday,FALSE
4,3/1/2019,1008,1106,1015,WN,Southwest Airlines Co.,773,N472WN,58,60,41,51,53,ONT,Ontario International Airport,LAS,McCarran International Airport,197,4,13,0,N,0,0,0,33,0,18,3/1/2019,51,TRUE,ONT-LAS,Friday,FALSE
4,3/1/2019,1755,1846,1830,WN,Southwest Airlines Co.,1583,N600WN,51,60,39,16,25,ONT,Ontario International Airport,LAS,McCarran International Airport,197,5,7,0,N,0,4,0,0,0,12,3/1/2019,16,TRUE,ONT-LAS,Friday,FALSE
4,3/1/2019,1916,2013,1950,WN,Southwest Airlines Co.,3746,N321SW,57,60,40,23,26,ONT,Ontario International Airport,LAS,McCarran International Airport,197,11,6,0,N,0,3,0,0,0,20,3/1/2019,23,TRUE,ONT-LAS,Friday,FALSE
4,3/1/2019,1531,1648,1540,WN,Southwest Airlines Co.,985,N328SW,77,75,68,68,66,ONT,Ontario International Airport,OAK,Oakland International Airport,361,4,5,0,N,0,14,0,2,0,52,3/1/2019,68,TRUE,ONT-OAK,Friday,FALSE
4,3/1/2019,2110,2226,2145,WN,Southwest Airlines Co.,1075,N636WN,76,75,68,41,40,ONT,Ontario International Airport,OAK,Oakland International Airport,361,2,6,0,N,0,0,0,1,0,40,3/1/2019,41,TRUE,ONT-OAK,Friday,FALSE
4,3/1/2019,2150,2312,2240,WN,Southwest Airlines Co.,1480,N292WN,82,75,71,32,25,ONT,Ontario International Airport,OAK,Oakland International Airport,361,3,8,0,N,0,0,0,7,0,25,3/1/2019,32,TRUE,ONT-OAK,Friday,FALSE
4,3/1/2019,1959,2111,2035,WN,Southwest Airlines Co.,2730,N273WN,72,75,62,36,39,ONT,Ontario International Airport,OAK,Oakland International Airport,361,3,7,0,N,0,4,0,0,0,32,3/1/2019,36,TRUE,ONT-OAK,Friday,FALSE
4,3/1/2019,1734,1857,1835,WN,Southwest Airlines Co.,3852,N654SW,83,75,69,22,14,ONT,Ontario International Airport,OAK,Oakland International Airport,361,4,10,0,N,0,0,0,8,0,14,3/1/2019,22,TRUE,ONT-OAK,Friday,FALSE
4,3/1/2019,1947,2158,2045,WN,Southwest Airlines Co.,835,N460WN,71,65,53,73,67,ONT,Ontario International Airport,PHX,Phoenix Sky Harbor International Airport,325,6,12,0,N,0,1,0,6,0,66,3/1/2019,73,TRUE,ONT-PHX,Friday,FALSE
4,3/1/2019,1528,1727,1655,WN,Southwest Airlines Co.,1424,N385SW,59,70,49,32,43,ONT,Ontario International Airport,PHX,Phoenix Sky Harbor International Airport,325,3,7,0,N,0,1,0,0,0,31,3/1/2019,32,TRUE,ONT-PHX,Friday,FALSE
4,3/1/2019,2158,2352,2320,WN,Southwest Airlines Co.,2458,N409WN,54,65,45,32,43,ONT,Ontario International Airport,PHX,Phoenix Sky Harbor International Airport,325,4,5,0,N,0,0,0,0,0,32,3/1/2019,32,TRUE,ONT-PHX,Friday,FALSE
4,3/1/2019,1743,1855,1835,WN,Southwest Airlines Co.,187,N690SW,72,70,55,20,18,ONT,Ontario International Airport,SJC,Norman Y. Mineta San José International Airport,333,8,9,0,N,0,2,0,2,0,16,3/1/2019,20,TRUE,ONT-SJC,Friday,FALSE
4,3/1/2019,1215,1319,1255,WN,Southwest Airlines Co.,906,N301SW,64,70,54,24,30,ONT,Ontario International Airport,SJC,Norman Y. Mineta San José International Airport,333,4,6,0,N,0,2,0,0,0,22,3/1/2019,24,TRUE,ONT-SJC,Friday,FALSE
4,3/1/2019,1603,1708,1625,WN,Southwest Airlines Co.,2645,N788SA,65,70,55,43,48,ONT,Ontario International Airport,SJC,Norman Y. Mineta San José International Airport,333,4,6,0,N,0,20,0,0,0,23,3/1/2019,43,TRUE,ONT-SJC,Friday,FALSE
4,3/1/2019,2134,2257,2200,WN,Southwest Airlines Co.,3691,N257WN,83,70,58,57,44,ONT,Ontario International Airport,SJC,Norman Y. Mineta San José International Airport,333,11,14,0,N,0,0,0,13,0,44,3/1/2019,57,TRUE,ONT-SJC,Friday,FALSE
4,3/1/2019,2248,6,2250,WN,Southwest Airlines Co.,551,N795SW,78,75,63,76,73,ONT,Ontario International Airport,SMF,Sacramento International Airport,389,5,10,0,N,0,0,0,3,0,73,3/1/2019,76,TRUE,ONT-SMF,Friday,FALSE
4,3/1/2019,1946,2106,2045,WN,Southwest Airlines Co.,1679,N645SW,80,80,65,21,21,ONT,Ontario International Airport,SMF,Sacramento International Airport,389,4,11,0,N,0,0,0,0,0,21,3/1/2019,21,TRUE,ONT-SMF,Friday,FALSE
4,3/1/2019,1357,1513,1455,WN,Southwest Airlines Co.,2105,N313SW,76,80,64,18,22,ONT,Ontario International Airport,SMF,Sacramento International Airport,389,4,8,0,N,0,1,0,0,0,17,3/1/2019,18,TRUE,ONT-SMF,Friday,FALSE
4,3/1/2019,2046,2159,2130,WN,Southwest Airlines Co.,2901,N265WN,73,80,61,29,36,ONT,Ontario International Airport,SMF,Sacramento International Airport,389,5,7,0,N,0,0,0,0,0,29,3/1/2019,29,TRUE,ONT-SMF,Friday,FALSE
4,3/1/2019,1753,1845,1810,WN,Southwest Airlines Co.,1320,N456WN,52,50,37,35,33,ORF,Norfolk International Airport,BWI,Baltimore-Washington International Airport,159,5,10,0,N,0,9,0,2,0,24,3/1/2019,35,TRUE,ORF-BWI,Friday,FALSE
4,3/1/2019,1433,1526,1510,WN,Southwest Airlines Co.,2362,N454WN,53,50,41,16,13,ORF,Norfolk International Airport,BWI,Baltimore-Washington International Airport,159,3,9,0,N,0,13,0,3,0,0,3/1/2019,16,TRUE,ORF-BWI,Friday,FALSE
4,3/1/2019,1031,1122,1100,WN,Southwest Airlines Co.,3604,N257WN,51,50,38,22,21,ORF,Norfolk International Airport,BWI,Baltimore-Washington International Airport,159,5,8,0,N,0,13,0,1,0,8,3/1/2019,22,TRUE,ORF-BWI,Friday,FALSE
4,3/1/2019,749,837,810,WN,Southwest Airlines Co.,3679,N434WN,48,50,39,27,29,ORF,Norfolk International Airport,BWI,Baltimore-Washington International Airport,159,2,7,0,N,0,27,0,0,0,0,3/1/2019,27,TRUE,ORF-BWI,Friday,FALSE
4,3/1/2019,816,941,840,WN,Southwest Airlines Co.,1574,N791SW,85,105,73,61,81,ORF,Norfolk International Airport,JAX,Jacksonville International Airport,543,4,8,0,N,0,61,0,0,0,0,3/1/2019,61,TRUE,ORF-JAX,Friday,FALSE
4,3/1/2019,1711,1840,1825,WN,Southwest Airlines Co.,2019,N392SW,89,105,77,15,31,ORF,Norfolk International Airport,JAX,Jacksonville International Airport,543,4,8,0,N,0,3,0,0,0,12,3/1/2019,15,FALSE,ORF-JAX,Friday,FALSE
4,3/1/2019,1314,1538,1445,WN,Southwest Airlines Co.,2363,N405WN,324,335,308,53,64,ORF,Norfolk International Airport,LAS,McCarran International Airport,2155,7,9,0,N,0,41,0,0,0,12,3/1/2019,53,TRUE,ORF-LAS,Friday,FALSE
4,3/1/2019,1016,1214,1120,WN,Southwest Airlines Co.,1134,N391SW,118,125,98,54,61,ORF,Norfolk International Airport,MCO,Orlando International Airport,655,6,14,0,N,0,1,0,0,0,53,3/1/2019,54,TRUE,ORF-MCO,Friday,FALSE
4,3/1/2019,1437,1633,1535,WN,Southwest Airlines Co.,48,N661SW,116,135,105,58,77,ORF,Norfolk International Airport,TPA,Tampa International Airport,717,5,6,0,N,0,25,0,0,0,33,3/1/2019,58,TRUE,ORF-TPA,Friday,FALSE
4,3/1/2019,2042,2256,2210,WN,Southwest Airlines Co.,165,N749SW,134,140,122,46,52,PBI,Palm Beach International Airport,BWI,Baltimore-Washington International Airport,883,3,9,0,N,0,18,0,0,0,28,3/1/2019,46,TRUE,PBI-BWI,Friday,FALSE
4,3/1/2019,1637,1854,1825,WN,Southwest Airlines Co.,1143,N459WN,137,145,121,29,37,PBI,Palm Beach International Airport,BWI,Baltimore-Washington International Airport,883,6,10,0,N,0,6,0,0,0,23,3/1/2019,29,TRUE,PBI-BWI,Friday,FALSE
4,3/1/2019,1908,2147,2115,WN,Southwest Airlines Co.,1425,N237WN,159,155,144,32,28,PBI,Palm Beach International Airport,ISP,Long Island MacArthur Airport,1052,4,11,0,N,0,16,0,4,0,12,3/1/2019,32,TRUE,PBI-ISP,Friday,FALSE
4,3/1/2019,1441,1529,1450,WN,Southwest Airlines Co.,3686,N649SW,48,50,35,39,41,PBI,Palm Beach International Airport,TPA,Tampa International Airport,174,5,8,0,N,0,8,0,0,0,31,3/1/2019,39,TRUE,PBI-TPA,Friday,FALSE
4,3/1/2019,1106,1436,1415,WN,Southwest Airlines Co.,3425,N755SA,150,150,137,21,21,PDX,Portland International Airport,ABQ,Albuquerque International Sunport,1111,5,8,0,N,0,21,0,0,0,0,3/1/2019,21,TRUE,PDX-ABQ,Friday,FALSE
4,3/1/2019,1632,1832,1810,WN,Southwest Airlines Co.,2991,N378SW,60,60,49,22,22,PDX,Portland International Airport,BOI,Boise Airport (Boise Air Terminal),344,3,8,0,N,0,15,0,0,0,7,3/1/2019,22,TRUE,PDX-BOI,Friday,FALSE
4,3/1/2019,1619,1715,1620,WN,Southwest Airlines Co.,957,N258WN,56,55,45,55,54,PDX,Portland International Airport,GEG,Spokane International Airport,279,5,6,0,N,0,17,0,1,0,37,3/1/2019,55,TRUE,PDX-GEG,Friday,FALSE
4,3/1/2019,2132,2222,2150,WN,Southwest Airlines Co.,3155,N449WN,50,60,39,32,42,PDX,Portland International Airport,GEG,Spokane International Airport,279,4,7,0,N,0,23,0,0,0,9,3/1/2019,32,TRUE,PDX-GEG,Friday,FALSE
4,3/1/2019,2054,2259,2235,WN,Southwest Airlines Co.,874,N678AA,125,120,113,24,19,PDX,Portland International Airport,LAS,McCarran International Airport,762,7,5,0,N,0,12,0,5,0,7,3/1/2019,24,TRUE,PDX-LAS,Friday,FALSE
4,3/1/2019,1546,1759,1705,WN,Southwest Airlines Co.,2186,N692SW,133,125,119,54,46,PDX,Portland International Airport,LAS,McCarran International Airport,762,8,6,0,N,0,16,0,8,0,30,3/1/2019,54,TRUE,PDX-LAS,Friday,FALSE
4,3/1/2019,1111,1323,1300,WN,Southwest Airlines Co.,3070,N660SW,132,125,119,23,16,PDX,Portland International Airport,LAS,McCarran International Airport,762,4,9,0,N,0,16,0,7,0,0,3/1/2019,23,TRUE,PDX-LAS,Friday,FALSE
4,3/1/2019,1431,2013,1925,WN,Southwest Airlines Co.,3228,N717SA,222,230,209,48,56,PDX,Portland International Airport,MDW,Chicago Midway International Airport,1751,6,7,0,N,0,20,0,0,0,28,3/1/2019,48,TRUE,PDX-MDW,Friday,FALSE
4,3/1/2019,2154,2337,2205,WN,Southwest Airlines Co.,447,N427WN,103,100,93,92,89,PDX,Portland International Airport,OAK,Oakland International Airport,543,3,7,0,N,0,12,0,3,0,77,3/1/2019,92,TRUE,PDX-OAK,Friday,FALSE
4,3/1/2019,1950,2130,2025,WN,Southwest Airlines Co.,582,N629SW,100,105,88,65,70,PDX,Portland International Airport,OAK,Oakland International Airport,543,5,7,0,N,0,55,0,0,0,10,3/1/2019,65,TRUE,PDX-OAK,Friday,FALSE
4,3/1/2019,1437,1624,1605,WN,Southwest Airlines Co.,753,N292WN,107,100,84,19,12,PDX,Portland International Airport,OAK,Oakland International Airport,543,17,6,0,N,0,0,0,7,12,0,3/1/2019,19,TRUE,PDX-OAK,Friday,FALSE
4,3/1/2019,1207,1339,1320,WN,Southwest Airlines Co.,1585,N766SW,92,100,83,19,27,PDX,Portland International Airport,OAK,Oakland International Airport,543,4,5,0,N,0,0,0,0,11,8,3/1/2019,19,TRUE,PDX-OAK,Friday,FALSE
4,3/1/2019,1119,1450,1435,WN,Southwest Airlines Co.,451,N619SW,151,150,137,15,14,PDX,Portland International Airport,PHX,Phoenix Sky Harbor International Airport,1009,7,7,0,N,0,0,0,1,14,0,3/1/2019,15,FALSE,PDX-PHX,Friday,FALSE
4,3/1/2019,2000,2321,2220,WN,Southwest Airlines Co.,789,N328SW,141,150,131,61,70,PDX,Portland International Airport,PHX,Phoenix Sky Harbor International Airport,1009,5,5,0,N,0,16,0,0,0,45,3/1/2019,61,TRUE,PDX-PHX,Friday,FALSE
4,3/1/2019,2056,2213,2055,WN,Southwest Airlines Co.,1939,N239WN,77,75,62,78,76,PDX,Portland International Airport,RNO,Reno/Tahoe International Airport,444,6,9,0,N,0,5,0,2,0,71,3/1/2019,78,TRUE,PDX-RNO,Friday,FALSE
4,3/1/2019,1440,1602,1540,WN,Southwest Airlines Co.,3513,N686SW,82,80,69,22,20,PDX,Portland International Airport,RNO,Reno/Tahoe International Airport,444,4,9,0,N,0,20,0,2,0,0,3/1/2019,22,TRUE,PDX-RNO,Friday,FALSE
4,3/1/2019,2009,2205,2110,WN,Southwest Airlines Co.,625,N619SW,116,105,102,55,44,PDX,Portland International Airport,SJC,Norman Y. Mineta San José International Airport,569,5,9,0,N,0,1,0,11,0,43,3/1/2019,55,TRUE,PDX-SJC,Friday,FALSE
4,3/1/2019,1628,1819,1735,WN,Southwest Airlines Co.,2441,N344SW,111,105,100,44,38,PDX,Portland International Airport,SJC,Norman Y. Mineta San José International Airport,569,5,6,0,N,0,9,0,6,0,29,3/1/2019,44,TRUE,PDX-SJC,Friday,FALSE
4,3/1/2019,1152,1345,1320,WN,Southwest Airlines Co.,2558,N337SW,113,105,101,25,17,PDX,Portland International Airport,SJC,Norman Y. Mineta San José International Airport,569,5,7,0,N,0,5,0,8,0,12,3/1/2019,25,TRUE,PDX-SJC,Friday,FALSE
4,3/1/2019,1808,2046,2025,WN,Southwest Airlines Co.,159,N618WN,98,105,84,21,28,PDX,Portland International Airport,SLC,Salt Lake City International Airport,630,3,11,0,N,0,7,0,0,0,14,3/1/2019,21,TRUE,PDX-SLC,Friday,FALSE
4,3/1/2019,1324,1457,1440,WN,Southwest Airlines Co.,71,N312SW,93,85,82,17,9,PDX,Portland International Airport,SMF,Sacramento International Airport,479,4,7,0,N,0,9,0,8,0,0,3/1/2019,17,TRUE,PDX-SMF,Friday,FALSE
4,3/1/2019,1137,1308,1245,WN,Southwest Airlines Co.,1424,N385SW,91,85,79,23,17,PDX,Portland International Airport,SMF,Sacramento International Airport,479,4,8,0,N,0,13,0,6,0,4,3/1/2019,23,TRUE,PDX-SMF,Friday,FALSE
4,3/1/2019,2100,2226,2005,WN,Southwest Airlines Co.,2807,N344SW,86,85,72,141,140,PDX,Portland International Airport,SMF,Sacramento International Airport,479,4,10,0,N,0,3,0,1,0,137,3/1/2019,141,TRUE,PDX-SMF,Friday,FALSE
4,3/1/2019,2127,2254,2210,WN,Southwest Airlines Co.,2890,N660SW,87,85,71,44,42,PDX,Portland International Airport,SMF,Sacramento International Airport,479,6,10,0,N,0,0,0,2,0,42,3/1/2019,44,TRUE,PDX-SMF,Friday,FALSE
4,3/1/2019,1534,1704,1640,WN,Southwest Airlines Co.,3659,N321SW,90,85,79,24,19,PDX,Portland International Airport,SMF,Sacramento International Airport,479,5,6,0,N,0,7,0,5,0,12,3/1/2019,24,TRUE,PDX-SMF,Friday,FALSE
4,3/1/2019,1702,1918,1825,WN,Southwest Airlines Co.,455,N346SW,136,160,116,53,77,PHL,Philadelphia International Airport,MCO,Orlando International Airport,861,8,12,0,N,0,18,0,0,0,35,3/1/2019,53,TRUE,PHL-MCO,Friday,FALSE
4,3/1/2019,2109,2237,2205,WN,Southwest Airlines Co.,370,N213WN,148,145,101,32,29,PHL,Philadelphia International Airport,MDW,Chicago Midway International Airport,668,28,19,0,N,0,3,0,3,0,26,3/1/2019,32,TRUE,PHL-MDW,Friday,FALSE
4,3/1/2019,1544,1704,1610,WN,Southwest Airlines Co.,434,N604SW,80,70,58,54,44,PHL,Philadelphia International Airport,MHT,Manchester-Boston Regional Airport,290,3,19,0,N,0,11,0,10,0,33,3/1/2019,54,TRUE,PHL-MHT,Friday,FALSE
4,3/1/2019,1738,1834,1750,WN,Southwest Airlines Co.,461,N791SW,56,75,43,44,63,PHL,Philadelphia International Airport,PIT,Pittsburgh International Airport,267,5,8,0,N,0,0,0,0,0,44,3/1/2019,44,TRUE,PHL-PIT,Friday,FALSE
4,3/1/2019,1429,1532,1430,WN,Southwest Airlines Co.,1574,N791SW,63,75,46,62,74,PHL,Philadelphia International Airport,PIT,Pittsburgh International Airport,267,6,11,0,N,0,0,0,0,0,62,3/1/2019,62,TRUE,PHL-PIT,Friday,FALSE
4,3/1/2019,2034,2135,2100,WN,Southwest Airlines Co.,31,N793SA,61,65,43,35,39,PHL,Philadelphia International Airport,PVD,Theodore Francis Green State Airport,238,5,13,0,N,0,2,0,0,0,33,3/1/2019,35,TRUE,PHL-PVD,Friday,FALSE
4,3/1/2019,1246,1347,1315,WN,Southwest Airlines Co.,476,N237WN,61,70,48,32,41,PHL,Philadelphia International Airport,PVD,Theodore Francis Green State Airport,238,3,10,0,N,0,6,0,0,0,26,3/1/2019,32,TRUE,PHL-PVD,Friday,FALSE
4,3/1/2019,1442,1545,1520,WN,Southwest Airlines Co.,1236,N614SW,63,65,50,25,27,PHL,Philadelphia International Airport,PVD,Theodore Francis Green State Airport,238,3,10,0,N,0,0,0,0,0,25,3/1/2019,25,TRUE,PHL-PVD,Friday,FALSE
4,3/1/2019,1930,2036,2000,WN,Southwest Airlines Co.,312,N604SW,66,95,52,36,65,PHL,Philadelphia International Airport,RDU,Raleigh-Durham International Airport,336,2,12,0,N,0,7,0,0,0,29,3/1/2019,36,TRUE,PHL-RDU,Friday,FALSE
4,3/1/2019,2010,2237,2220,WN,Southwest Airlines Co.,929,N521SW,147,175,129,17,45,PHL,Philadelphia International Airport,TPA,Tampa International Airport,920,5,13,0,N,0,3,0,0,0,14,3/1/2019,17,TRUE,PHL-TPA,Friday,FALSE
4,3/1/2019,1449,1714,1655,WN,Southwest Airlines Co.,998,N369SW,145,170,127,19,44,PHL,Philadelphia International Airport,TPA,Tampa International Airport,920,4,14,0,N,0,6,0,0,0,13,3/1/2019,19,TRUE,PHL-TPA,Friday,FALSE
4,3/1/2019,2235,2330,2255,WN,Southwest Airlines Co.,408,N610WN,55,60,42,35,40,PHX,Phoenix Sky Harbor International Airport,ABQ,Albuquerque International Sunport,328,4,9,0,N,0,2,0,0,0,33,3/1/2019,35,TRUE,PHX-ABQ,Friday,FALSE
4,3/1/2019,1438,1536,1505,WN,Southwest Airlines Co.,555,N506SW,58,60,41,31,33,PHX,Phoenix Sky Harbor International Airport,ABQ,Albuquerque International Sunport,328,3,14,0,N,0,20,0,0,0,11,3/1/2019,31,TRUE,PHX-ABQ,Friday,FALSE
4,3/1/2019,1841,1938,1825,WN,Southwest Airlines Co.,746,N637SW,57,65,41,73,81,PHX,Phoenix Sky Harbor International Airport,ABQ,Albuquerque International Sunport,328,6,10,0,N,0,11,0,0,0,62,3/1/2019,73,TRUE,PHX-ABQ,Friday,FALSE
4,3/1/2019,1658,1754,1730,WN,Southwest Airlines Co.,2614,N602SW,56,60,42,24,28,PHX,Phoenix Sky Harbor International Airport,ABQ,Albuquerque International Sunport,328,3,11,0,N,0,5,0,0,0,19,3/1/2019,24,TRUE,PHX-ABQ,Friday,FALSE
4,3/1/2019,2045,42,15,WN,Southwest Airlines Co.,109,N269WN,177,190,166,27,40,PHX,Phoenix Sky Harbor International Airport,BNA,Nashville International Airport,1448,4,7,0,N,0,3,0,0,0,24,3/1/2019,27,TRUE,PHX-BNA,Friday,FALSE
4,3/1/2019,1709,2106,2005,WN,Southwest Airlines Co.,891,N400WN,177,190,163,61,74,PHX,Phoenix Sky Harbor International Airport,BNA,Nashville International Airport,1448,3,11,0,N,0,7,0,0,0,54,3/1/2019,61,TRUE,PHX-BNA,Friday,FALSE
4,3/1/2019,1321,1730,1710,WN,Southwest Airlines Co.,1058,N202WN,189,195,165,20,26,PHX,Phoenix Sky Harbor International Airport,BNA,Nashville International Airport,1448,7,17,0,N,0,4,0,0,0,16,3/1/2019,20,TRUE,PHX-BNA,Friday,FALSE
4,3/1/2019,1457,1527,1405,WN,Southwest Airlines Co.,10,N684WN,90,85,74,82,77,PHX,Phoenix Sky Harbor International Airport,BUR,Bob Hope Airport (Hollywood Burbank Airport),369,2,14,0,N,0,0,0,5,0,77,3/1/2019,82,TRUE,PHX-BUR,Friday,FALSE
4,3/1/2019,1836,1902,1810,WN,Southwest Airlines Co.,806,N711HK,86,80,70,52,46,PHX,Phoenix Sky Harbor International Airport,BUR,Bob Hope Airport (Hollywood Burbank Airport),369,3,13,0,N,0,0,0,6,0,46,3/1/2019,52,TRUE,PHX-BUR,Friday,FALSE
4,3/1/2019,1933,1955,1855,WN,Southwest Airlines Co.,921,N430WN,82,80,70,60,58,PHX,Phoenix Sky Harbor International Airport,BUR,Bob Hope Airport (Hollywood Burbank Airport),369,2,10,0,N,0,0,0,3,0,57,3/1/2019,60,TRUE,PHX-BUR,Friday,FALSE
4,3/1/2019,1121,1151,1125,WN,Southwest Airlines Co.,957,N344SW,90,90,70,26,26,PHX,Phoenix Sky Harbor International Airport,BUR,Bob Hope Airport (Hollywood Burbank Airport),369,3,17,0,N,0,1,0,0,0,25,3/1/2019,26,TRUE,PHX-BUR,Friday,FALSE
4,3/1/2019,2255,2318,2155,WN,Southwest Airlines Co.,3323,N718SW,83,80,71,83,80,PHX,Phoenix Sky Harbor International Airport,BUR,Bob Hope Airport (Hollywood Burbank Airport),369,2,10,0,N,0,10,0,3,0,70,3/1/2019,83,TRUE,PHX-BUR,Friday,FALSE
4,3/1/2019,1523,2126,2055,WN,Southwest Airlines Co.,1686,N207WN,243,250,230,31,38,PHX,Phoenix Sky Harbor International Airport,BWI,Baltimore-Washington International Airport,1999,4,9,0,N,0,0,0,0,5,26,3/1/2019,31,TRUE,PHX-BWI,Friday,FALSE
4,3/1/2019,2105,2240,2130,WN,Southwest Airlines Co.,964,N362SW,95,105,78,70,80,PHX,Phoenix Sky Harbor International Airport,DEN,Denver International Airport,602,6,11,0,N,0,22,0,0,0,48,3/1/2019,70,TRUE,PHX-DEN,Friday,FALSE
4,3/1/2019,1004,1556,1540,WN,Southwest Airlines Co.,1428,N412WN,232,230,210,16,14,PHX,Phoenix Sky Harbor International Airport,DTW,Detroit Metropolitan Airport,1671,7,15,0,N,0,10,0,2,0,4,3/1/2019,16,TRUE,PHX-DTW,Friday,FALSE
4,3/1/2019,1331,1440,1410,WN,Southwest Airlines Co.,116,N310SW,69,65,50,30,26,PHX,Phoenix Sky Harbor International Airport,ELP,El Paso International Airport,347,4,15,0,N,0,11,0,4,0,15,3/1/2019,30,TRUE,PHX-ELP,Friday,FALSE
4,3/1/2019,1935,2029,2005,WN,Southwest Airlines Co.,481,N413WN,54,65,44,24,35,PHX,Phoenix Sky Harbor International Airport,ELP,El Paso International Airport,347,3,7,0,N,0,5,0,0,0,19,3/1/2019,24,TRUE,PHX-ELP,Friday,FALSE
4,3/1/2019,2227,2327,2240,WN,Southwest Airlines Co.,3140,N418WN,60,65,45,47,52,PHX,Phoenix Sky Harbor International Airport,ELP,El Paso International Airport,347,5,10,0,N,0,43,0,0,0,4,3/1/2019,47,TRUE,PHX-ELP,Friday,FALSE
4,3/1/2019,1648,2021,1940,WN,Southwest Airlines Co.,933,N214WN,153,145,118,41,33,PHX,Phoenix Sky Harbor International Airport,HOU,William P. Hobby Airport,1020,24,11,0,N,0,30,0,8,0,3,3/1/2019,41,TRUE,PHX-HOU,Friday,FALSE
4,3/1/2019,2211,121,2320,WN,Southwest Airlines Co.,2268,N607SW,130,140,121,121,131,PHX,Phoenix Sky Harbor International Airport,HOU,William P. Hobby Airport,1020,3,6,0,N,0,10,0,0,0,111,3/1/2019,121,TRUE,PHX-HOU,Friday,FALSE
4,3/1/2019,1802,2318,2245,WN,Southwest Airlines Co.,2726,N777QC,196,200,170,33,37,PHX,Phoenix Sky Harbor International Airport,IND,Indianapolis International Airport,1489,8,18,0,N,0,6,0,0,0,27,3/1/2019,33,TRUE,PHX-IND,Friday,FALSE
4,3/1/2019,1527,1527,1505,WN,Southwest Airlines Co.,538,N619SW,60,60,45,22,22,PHX,Phoenix Sky Harbor International Airport,LAS,McCarran International Airport,256,7,8,0,N,0,7,0,0,0,15,3/1/2019,22,TRUE,PHX-LAS,Friday,FALSE
4,3/1/2019,1932,1949,1900,WN,Southwest Airlines Co.,875,N217JC,77,60,42,49,32,PHX,Phoenix Sky Harbor International Airport,LAS,McCarran International Airport,256,27,8,0,N,0,31,0,17,0,1,3/1/2019,49,TRUE,PHX-LAS,Friday,FALSE
4,3/1/2019,928,929,910,WN,Southwest Airlines Co.,984,N449WN,61,70,44,19,28,PHX,Phoenix Sky Harbor International Airport,LAS,McCarran International Airport,256,5,12,0,N,0,19,0,0,0,0,3/1/2019,19,TRUE,PHX-LAS,Friday,FALSE
4,3/1/2019,2201,2157,2125,WN,Southwest Airlines Co.,998,N369SW,56,65,43,32,41,PHX,Phoenix Sky Harbor International Airport,LAS,McCarran International Airport,256,7,6,0,N,0,11,0,0,0,21,3/1/2019,32,TRUE,PHX-LAS,Friday,FALSE
4,3/1/2019,1619,1639,1600,WN,Southwest Airlines Co.,169,N550WN,80,80,62,39,39,PHX,Phoenix Sky Harbor International Airport,LAX,Los Angeles International Airport,370,5,13,0,N,0,1,0,0,0,38,3/1/2019,39,TRUE,PHX-LAX,Friday,FALSE
4,3/1/2019,1448,1517,1500,WN,Southwest Airlines Co.,232,N740SW,89,80,63,17,8,PHX,Phoenix Sky Harbor International Airport,LAX,Los Angeles International Airport,370,8,18,0,N,0,8,0,9,0,0,3/1/2019,17,TRUE,PHX-LAX,Friday,FALSE
4,3/1/2019,1913,1934,1835,WN,Southwest Airlines Co.,303,N683SW,81,80,64,59,58,PHX,Phoenix Sky Harbor International Airport,LAX,Los Angeles International Airport,370,7,10,0,N,0,0,0,6,0,53,3/1/2019,59,TRUE,PHX-LAX,Friday,FALSE
4,3/1/2019,1940,2010,1935,WN,Southwest Airlines Co.,343,N687SW,90,80,63,35,25,PHX,Phoenix Sky Harbor International Airport,LAX,Los Angeles International Airport,370,20,7,0,N,0,10,0,10,0,15,3/1/2019,35,TRUE,PHX-LAX,Friday,FALSE
4,3/1/2019,1046,1123,1105,WN,Southwest Airlines Co.,769,N608SW,97,85,70,18,6,PHX,Phoenix Sky Harbor International Airport,LAX,Los Angeles International Airport,370,13,14,0,N,0,0,0,12,5,1,3/1/2019,18,TRUE,PHX-LAX,Friday,FALSE
4,3/1/2019,2118,2138,2115,WN,Southwest Airlines Co.,1033,N757LV,80,85,60,23,28,PHX,Phoenix Sky Harbor International Airport,LAX,Los Angeles International Airport,370,15,5,0,N,0,23,0,0,0,0,3/1/2019,23,TRUE,PHX-LAX,Friday,FALSE
4,3/1/2019,1822,1848,1755,WN,Southwest Airlines Co.,2359,N385SW,86,80,63,53,47,PHX,Phoenix Sky Harbor International Airport,LAX,Los Angeles International Airport,370,6,17,0,N,0,27,0,6,0,20,3/1/2019,53,TRUE,PHX-LAX,Friday,FALSE
4,3/1/2019,1321,1351,1335,WN,Southwest Airlines Co.,2360,N618WN,90,80,65,16,6,PHX,Phoenix Sky Harbor International Airport,LAX,Los Angeles International Airport,370,6,19,0,N,0,6,0,10,0,0,3/1/2019,16,TRUE,PHX-LAX,Friday,FALSE
4,3/1/2019,1644,1713,1630,WN,Southwest Airlines Co.,2812,N671SW,89,80,63,43,34,PHX,Phoenix Sky Harbor International Airport,LAX,Los Angeles International Airport,370,4,22,0,N,0,22,0,9,0,12,3/1/2019,43,TRUE,PHX-LAX,Friday,FALSE
4,3/1/2019,2230,143,35,WN,Southwest Airlines Co.,835,N460WN,133,150,116,68,85,PHX,Phoenix Sky Harbor International Airport,MCI,Kansas City International Airport,1044,5,12,0,N,0,9,0,0,0,59,3/1/2019,68,TRUE,PHX-MCI,Friday,FALSE
4,3/1/2019,1813,1928,1820,WN,Southwest Airlines Co.,357,N682SW,135,125,117,68,58,PHX,Phoenix Sky Harbor International Airport,OAK,Oakland International Airport,646,3,15,0,N,0,0,0,10,0,58,3/1/2019,68,TRUE,PHX-OAK,Friday,FALSE
4,3/1/2019,1943,2047,2005,WN,Southwest Airlines Co.,2336,N487WN,124,120,110,42,38,PHX,Phoenix Sky Harbor International Airport,OAK,Oakland International Airport,646,4,10,0,N,0,18,0,4,0,20,3/1/2019,42,TRUE,PHX-OAK,Friday,FALSE
4,3/1/2019,1502,1615,1600,WN,Southwest Airlines Co.,3240,N282WN,133,125,114,15,7,PHX,Phoenix Sky Harbor International Airport,OAK,Oakland International Airport,646,5,14,0,N,0,7,0,8,0,0,3/1/2019,15,FALSE,PHX-OAK,Friday,FALSE
4,3/1/2019,2249,2357,2250,WN,Southwest Airlines Co.,3492,N772SW,128,120,108,67,59,PHX,Phoenix Sky Harbor International Airport,OAK,Oakland International Airport,646,6,14,0,N,0,26,0,8,0,33,3/1/2019,67,TRUE,PHX-OAK,Friday,FALSE
4,3/1/2019,2144,32,2330,WN,Southwest Airlines Co.,282,N338SW,108,125,99,62,79,PHX,Phoenix Sky Harbor International Airport,OKC,Will Rogers World Airport,833,3,6,0,N,0,0,0,0,0,62,3/1/2019,62,TRUE,PHX-OKC,Friday,FALSE
4,3/1/2019,1654,2009,1840,WN,Southwest Airlines Co.,316,N797MX,135,145,120,89,99,PHX,Phoenix Sky Harbor International Airport,OMA,Eppley Airfield,1037,2,13,0,N,0,6,0,0,0,83,3/1/2019,89,TRUE,PHX-OMA,Friday,FALSE
4,3/1/2019,2059,10,2340,WN,Southwest Airlines Co.,559,N603SW,131,145,121,30,44,PHX,Phoenix Sky Harbor International Airport,OMA,Eppley Airfield,1037,2,8,0,N,0,16,0,0,0,14,3/1/2019,30,TRUE,PHX-OMA,Friday,FALSE
4,3/1/2019,1636,1648,1555,WN,Southwest Airlines Co.,508,N455WN,72,65,54,53,46,PHX,Phoenix Sky Harbor International Airport,ONT,Ontario International Airport,325,3,15,0,N,0,3,0,7,0,43,3/1/2019,53,TRUE,PHX-ONT,Friday,FALSE
4,3/1/2019,1022,1038,1020,WN,Southwest Airlines Co.,616,N495WN,76,80,53,18,22,PHX,Phoenix Sky Harbor International Airport,ONT,Ontario International Airport,325,5,18,0,N,0,13,0,0,0,5,3/1/2019,18,TRUE,PHX-ONT,Friday,FALSE
4,3/1/2019,1743,1754,1730,WN,Southwest Airlines Co.,966,N345SA,71,70,58,24,23,PHX,Phoenix Sky Harbor International Airport,ONT,Ontario International Airport,325,4,9,0,N,0,0,0,1,0,23,3/1/2019,24,TRUE,PHX-ONT,Friday,FALSE
4,3/1/2019,1915,1923,1900,WN,Southwest Airlines Co.,1679,N645SW,68,70,55,23,25,PHX,Phoenix Sky Harbor International Airport,ONT,Ontario International Airport,325,3,10,0,N,0,19,0,0,0,4,3/1/2019,23,TRUE,PHX-ONT,Friday,FALSE
4,3/1/2019,2306,2318,2145,WN,Southwest Airlines Co.,2369,N739GB,72,70,57,93,91,PHX,Phoenix Sky Harbor International Airport,ONT,Ontario International Airport,325,4,11,0,N,0,12,0,2,0,79,3/1/2019,93,TRUE,PHX-ONT,Friday,FALSE
4,3/1/2019,2105,2117,2030,WN,Southwest Airlines Co.,3691,N257WN,72,70,54,47,45,PHX,Phoenix Sky Harbor International Airport,ONT,Ontario International Airport,325,8,10,0,N,0,8,0,2,0,37,3/1/2019,47,TRUE,PHX-ONT,Friday,FALSE
4,3/1/2019,2101,2231,2140,WN,Southwest Airlines Co.,1484,N242WN,150,175,139,51,76,PHX,Phoenix Sky Harbor International Airport,PDX,Portland International Airport,1009,3,8,0,N,0,5,0,0,0,46,3/1/2019,51,TRUE,PHX-PDX,Friday,FALSE
4,3/1/2019,1620,2236,2220,WN,Southwest Airlines Co.,287,N747SA,256,260,235,16,20,PHX,Phoenix Sky Harbor International Airport,PHL,Philadelphia International Airport,2075,6,15,0,N,0,14,0,0,0,2,3/1/2019,16,TRUE,PHX-PHL,Friday,FALSE
4,3/1/2019,2243,2325,2210,WN,Southwest Airlines Co.,489,N279WN,102,110,86,75,83,PHX,Phoenix Sky Harbor International Airport,RNO,Reno/Tahoe International Airport,601,4,12,0,N,0,5,0,0,0,70,3/1/2019,75,TRUE,PHX-RNO,Friday,FALSE
4,3/1/2019,1444,1536,1520,WN,Southwest Airlines Co.,736,N342SW,112,110,87,16,14,PHX,Phoenix Sky Harbor International Airport,RNO,Reno/Tahoe International Airport,601,4,21,0,N,0,14,0,2,0,0,3/1/2019,16,TRUE,PHX-RNO,Friday,FALSE
4,3/1/2019,1418,1427,1410,WN,Southwest Airlines Co.,123,N287WN,69,65,51,17,13,PHX,Phoenix Sky Harbor International Airport,SAN,San Diego International Airport (Lindbergh Field),304,9,9,0,N,0,4,0,4,0,9,3/1/2019,17,TRUE,PHX-SAN,Friday,FALSE
4,3/1/2019,2301,2314,2125,WN,Southwest Airlines Co.,242,N797MX,73,65,58,109,101,PHX,Phoenix Sky Harbor International Airport,SAN,San Diego International Airport (Lindbergh Field),304,3,12,0,N,0,3,0,8,0,98,3/1/2019,109,TRUE,PHX-SAN,Friday,FALSE
4,3/1/2019,2143,2143,2050,WN,Southwest Airlines Co.,381,N398SW,60,65,51,53,58,PHX,Phoenix Sky Harbor International Airport,SAN,San Diego International Airport (Lindbergh Field),304,4,5,0,N,0,8,0,0,0,45,3/1/2019,53,TRUE,PHX-SAN,Friday,FALSE
4,3/1/2019,1706,1710,1650,WN,Southwest Airlines Co.,458,N203WN,64,65,52,20,21,PHX,Phoenix Sky Harbor International Airport,SAN,San Diego International Airport (Lindbergh Field),304,3,9,0,N,0,11,0,0,0,9,3/1/2019,20,TRUE,PHX-SAN,Friday,FALSE
4,3/1/2019,1055,1103,1045,WN,Southwest Airlines Co.,1010,N744SW,68,75,54,18,25,PHX,Phoenix Sky Harbor International Airport,SAN,San Diego International Airport (Lindbergh Field),304,3,11,0,N,0,18,0,0,0,0,3/1/2019,18,TRUE,PHX-SAN,Friday,FALSE
4,3/1/2019,1809,1834,1735,WN,Southwest Airlines Co.,1511,N263WN,85,65,66,59,39,PHX,Phoenix Sky Harbor International Airport,SAN,San Diego International Airport (Lindbergh Field),304,3,16,0,N,0,37,0,20,0,2,3/1/2019,59,TRUE,PHX-SAN,Friday,FALSE
4,3/1/2019,1800,1814,1615,WN,Southwest Airlines Co.,1600,N769SW,74,65,61,119,110,PHX,Phoenix Sky Harbor International Airport,SAN,San Diego International Airport (Lindbergh Field),304,3,10,0,N,0,0,0,9,0,110,3/1/2019,119,TRUE,PHX-SAN,Friday,FALSE
4,3/1/2019,1942,1949,1845,WN,Southwest Airlines Co.,3839,N421LV,67,65,57,64,62,PHX,Phoenix Sky Harbor International Airport,SAN,San Diego International Airport (Lindbergh Field),304,2,8,0,N,0,0,0,2,0,62,3/1/2019,64,TRUE,PHX-SAN,Friday,FALSE
4,3/1/2019,2157,42,2325,WN,Southwest Airlines Co.,796,N428WN,105,120,97,77,92,PHX,Phoenix Sky Harbor International Airport,SAT,San Antonio International Airport,843,2,6,0,N,0,33,0,0,0,44,3/1/2019,77,TRUE,PHX-SAT,Friday,FALSE
4,3/1/2019,1701,1948,1915,WN,Southwest Airlines Co.,2015,N792SW,107,120,97,33,46,PHX,Phoenix Sky Harbor International Airport,SAT,San Antonio International Airport,843,3,7,0,N,0,8,0,0,0,25,3/1/2019,33,TRUE,PHX-SAT,Friday,FALSE
4,3/1/2019,1231,1527,1505,WN,Southwest Airlines Co.,3168,N513SW,116,125,103,22,31,PHX,Phoenix Sky Harbor International Airport,SAT,San Antonio International Airport,843,2,11,0,N,0,9,0,0,0,13,3/1/2019,22,TRUE,PHX-SAT,Friday,FALSE
4,3/1/2019,2000,2203,2145,WN,Southwest Airlines Co.,2361,N348SW,183,190,159,18,25,PHX,Phoenix Sky Harbor International Airport,SEA,Seattle-Tacoma International Airport,1107,4,20,0,N,0,2,0,0,0,16,3/1/2019,18,TRUE,PHX-SEA,Friday,FALSE
4,3/1/2019,2138,2233,2210,WN,Southwest Airlines Co.,160,N783SW,115,115,96,23,23,PHX,Phoenix Sky Harbor International Airport,SJC,Norman Y. Mineta San José International Airport,621,13,6,0,N,0,0,0,2,0,21,3/1/2019,23,TRUE,PHX-SJC,Friday,FALSE
4,3/1/2019,1544,1639,1510,WN,Southwest Airlines Co.,2094,N395SW,115,115,102,89,89,PHX,Phoenix Sky Harbor International Airport,SJC,Norman Y. Mineta San José International Airport,621,4,9,0,N,0,13,0,0,0,76,3/1/2019,89,TRUE,PHX-SJC,Friday,FALSE
4,3/1/2019,1343,1506,1450,WN,Southwest Airlines Co.,320,N345SA,83,95,70,16,28,PHX,Phoenix Sky Harbor International Airport,SLC,Salt Lake City International Airport,507,4,9,0,N,0,1,0,0,0,15,3/1/2019,16,TRUE,PHX-SLC,Friday,FALSE
4,3/1/2019,1915,2042,2020,WN,Southwest Airlines Co.,410,N327SW,87,95,73,22,30,PHX,Phoenix Sky Harbor International Airport,SLC,Salt Lake City International Airport,507,3,11,0,N,0,7,0,0,0,15,3/1/2019,22,TRUE,PHX-SLC,Friday,FALSE
4,3/1/2019,2218,2342,2250,WN,Southwest Airlines Co.,980,N711HK,84,90,71,52,58,PHX,Phoenix Sky Harbor International Airport,SLC,Salt Lake City International Airport,507,4,9,0,N,0,4,0,0,0,48,3/1/2019,52,TRUE,PHX-SLC,Friday,FALSE
4,3/1/2019,1454,1622,1600,WN,Southwest Airlines Co.,1022,N655WN,88,95,72,22,29,PHX,Phoenix Sky Harbor International Airport,SLC,Salt Lake City International Airport,507,3,13,0,N,0,8,0,0,0,14,3/1/2019,22,TRUE,PHX-SLC,Friday,FALSE
4,3/1/2019,902,1032,1005,WN,Southwest Airlines Co.,1041,N474WN,90,100,73,27,37,PHX,Phoenix Sky Harbor International Airport,SLC,Salt Lake City International Airport,507,6,11,0,N,0,27,0,0,0,0,3/1/2019,27,TRUE,PHX-SLC,Friday,FALSE
4,3/1/2019,1733,1904,1830,WN,Southwest Airlines Co.,1684,N429WN,91,95,74,34,38,PHX,Phoenix Sky Harbor International Airport,SLC,Salt Lake City International Airport,507,9,8,0,N,0,0,0,0,0,34,3/1/2019,34,TRUE,PHX-SLC,Friday,FALSE
4,3/1/2019,1555,1648,1600,WN,Southwest Airlines Co.,877,N362SW,113,120,103,48,55,PHX,Phoenix Sky Harbor International Airport,SMF,Sacramento International Airport,647,3,7,0,N,0,0,0,0,0,48,3/1/2019,48,TRUE,PHX-SMF,Friday,FALSE
4,3/1/2019,2315,9,2235,WN,Southwest Airlines Co.,1309,N304SW,114,120,101,94,100,PHX,Phoenix Sky Harbor International Airport,SMF,Sacramento International Airport,647,5,8,0,N,0,0,0,0,0,94,3/1/2019,94,TRUE,PHX-SMF,Friday,FALSE
4,3/1/2019,1148,1222,1155,WN,Southwest Airlines Co.,259,N270WN,94,80,58,27,13,PHX,Phoenix Sky Harbor International Airport,SNA,John Wayne Airport (Orange County Airport),338,10,26,0,N,0,4,0,14,0,9,3/1/2019,27,TRUE,PHX-SNA,Friday,FALSE
4,3/1/2019,1546,1600,1530,WN,Southwest Airlines Co.,1413,N706SW,74,75,59,30,31,PHX,Phoenix Sky Harbor International Airport,SNA,John Wayne Airport (Orange County Airport),338,4,11,0,N,0,9,0,0,0,21,3/1/2019,30,TRUE,PHX-SNA,Friday,FALSE
4,3/1/2019,1357,1408,1345,WN,Southwest Airlines Co.,3501,N732SW,71,75,57,23,27,PHX,Phoenix Sky Harbor International Airport,SNA,John Wayne Airport (Orange County Airport),338,4,10,0,N,0,4,0,0,0,19,3/1/2019,23,TRUE,PHX-SNA,Friday,FALSE
4,3/1/2019,2207,59,2355,WN,Southwest Airlines Co.,504,N704SW,112,135,104,64,87,PHX,Phoenix Sky Harbor International Airport,TUL,Tulsa International Airport,935,2,6,0,N,0,63,0,0,0,1,3/1/2019,64,TRUE,PHX-TUL,Friday,FALSE
4,3/1/2019,1023,1117,1100,WN,Southwest Airlines Co.,1414,N402WN,54,55,45,17,18,PIT,Pittsburgh International Airport,BWI,Baltimore-Washington International Airport,210,3,6,0,N,0,6,0,0,0,11,3/1/2019,17,TRUE,PIT-BWI,Friday,FALSE
4,3/1/2019,2047,2259,2225,WN,Southwest Airlines Co.,3592,N406WN,132,135,115,34,37,PIT,Pittsburgh International Airport,MCO,Orlando International Airport,834,3,14,0,N,0,0,0,0,0,34,3/1/2019,34,TRUE,PIT-MCO,Friday,FALSE
4,3/1/2019,1833,1853,1830,WN,Southwest Airlines Co.,490,N651SW,80,95,65,23,38,PIT,Pittsburgh International Airport,MDW,Chicago Midway International Airport,402,6,9,0,N,0,2,0,0,0,21,3/1/2019,23,TRUE,PIT-MDW,Friday,FALSE
4,3/1/2019,2117,2136,2105,WN,Southwest Airlines Co.,3336,N208WN,79,90,61,31,42,PIT,Pittsburgh International Airport,MDW,Chicago Midway International Airport,402,10,8,0,N,0,0,0,0,0,31,3/1/2019,31,TRUE,PIT-MDW,Friday,FALSE
4,3/1/2019,1549,1715,1610,WN,Southwest Airlines Co.,374,N791SW,86,75,62,65,54,PIT,Pittsburgh International Airport,PHL,Philadelphia International Airport,267,7,17,0,N,0,0,0,11,0,54,3/1/2019,65,TRUE,PIT-PHL,Friday,FALSE
4,3/1/2019,1304,1422,1355,WN,Southwest Airlines Co.,1236,N614SW,78,70,53,27,19,PIT,Pittsburgh International Airport,PHL,Philadelphia International Airport,267,7,18,0,N,0,0,0,8,0,19,3/1/2019,27,TRUE,PIT-PHL,Friday,FALSE
4,3/1/2019,1957,2102,2045,WN,Southwest Airlines Co.,1154,N371SW,65,80,55,17,32,PVD,Theodore Francis Green State Airport,BWI,Baltimore-Washington International Airport,328,3,7,0,N,0,0,0,0,0,17,3/1/2019,17,TRUE,PVD-BWI,Friday,FALSE
4,3/1/2019,1519,1627,1610,WN,Southwest Airlines Co.,2795,N266WN,68,75,56,17,24,PVD,Theodore Francis Green State Airport,BWI,Baltimore-Washington International Airport,328,3,9,0,N,0,6,0,0,0,11,3/1/2019,17,TRUE,PVD-BWI,Friday,FALSE
4,3/1/2019,1435,1537,1500,WN,Southwest Airlines Co.,1338,N237WN,62,80,49,37,55,PVD,Theodore Francis Green State Airport,PHL,Philadelphia International Airport,238,5,8,0,N,0,0,0,16,0,21,3/1/2019,37,TRUE,PVD-PHL,Friday,FALSE
4,3/1/2019,1617,1725,1710,WN,Southwest Airlines Co.,1410,N614SW,68,90,55,15,37,PVD,Theodore Francis Green State Airport,PHL,Philadelphia International Airport,238,7,6,0,N,0,5,0,0,0,10,3/1/2019,15,FALSE,PVD-PHL,Friday,FALSE
4,3/1/2019,2056,2118,2055,WN,Southwest Airlines Co.,312,N604SW,82,95,69,23,36,RDU,Raleigh-Durham International Airport,BNA,Nashville International Airport,443,6,7,0,N,0,0,0,0,0,23,3/1/2019,23,TRUE,RDU-BNA,Friday,FALSE
4,3/1/2019,1805,1839,1820,WN,Southwest Airlines Co.,2821,N218WN,94,95,70,19,20,RDU,Raleigh-Durham International Airport,BNA,Nashville International Airport,443,13,11,0,N,0,8,0,0,0,11,3/1/2019,19,TRUE,RDU-BNA,Friday,FALSE
4,3/1/2019,1739,1840,1745,WN,Southwest Airlines Co.,269,N325SW,61,60,45,55,54,RDU,Raleigh-Durham International Airport,BWI,Baltimore-Washington International Airport,255,3,13,0,N,0,0,0,1,0,54,3/1/2019,55,TRUE,RDU-BWI,Friday,FALSE
4,3/1/2019,1115,1249,1230,WN,Southwest Airlines Co.,3499,N204WN,94,100,78,19,25,RDU,Raleigh-Durham International Airport,MCO,Orlando International Airport,534,7,9,0,N,0,0,0,0,0,19,3/1/2019,19,TRUE,RDU-MCO,Friday,FALSE
4,3/1/2019,1907,2006,1940,WN,Southwest Airlines Co.,1076,N411WN,119,125,103,26,32,RDU,Raleigh-Durham International Airport,MDW,Chicago Midway International Airport,632,7,9,0,N,0,2,0,0,0,24,3/1/2019,26,TRUE,RDU-MDW,Friday,FALSE
4,3/1/2019,955,1100,1045,WN,Southwest Airlines Co.,1402,N675AA,125,125,108,15,15,RDU,Raleigh-Durham International Airport,MDW,Chicago Midway International Airport,632,8,9,0,N,0,6,0,0,0,9,3/1/2019,15,FALSE,RDU-MDW,Friday,FALSE
4,3/1/2019,1343,1456,1440,WN,Southwest Airlines Co.,201,N251WN,73,75,57,16,18,RDU,Raleigh-Durham International Airport,PHL,Philadelphia International Airport,336,9,7,0,N,0,0,0,0,0,16,3/1/2019,16,TRUE,RDU-PHL,Friday,FALSE
4,3/1/2019,2111,2216,2155,WN,Southwest Airlines Co.,882,N774SW,65,75,54,21,31,RDU,Raleigh-Durham International Airport,PHL,Philadelphia International Airport,336,4,7,0,N,0,1,0,0,0,20,3/1/2019,21,TRUE,RDU-PHL,Friday,FALSE
4,3/1/2019,1727,1843,1825,WN,Southwest Airlines Co.,1502,N656SW,76,85,60,18,27,RDU,Raleigh-Durham International Airport,PHL,Philadelphia International Airport,336,6,10,0,N,0,3,0,0,0,15,3/1/2019,18,TRUE,RDU-PHL,Friday,FALSE
4,3/1/2019,728,910,820,WN,Southwest Airlines Co.,3266,N698SW,102,115,87,50,63,RDU,Raleigh-Durham International Airport,TPA,Tampa International Airport,587,4,11,0,N,0,50,0,0,0,0,3/1/2019,50,TRUE,RDU-TPA,Friday,FALSE
4,3/1/2019,1856,2056,2020,WN,Southwest Airlines Co.,239,N267WN,60,65,48,36,41,RNO,Reno/Tahoe International Airport,BOI,Boise Airport (Boise Air Terminal),335,2,10,0,N,0,5,0,0,0,31,3/1/2019,36,TRUE,RNO-BOI,Friday,FALSE
4,3/1/2019,1501,1657,1615,WN,Southwest Airlines Co.,3589,N601WN,56,65,47,42,51,RNO,Reno/Tahoe International Airport,BOI,Boise Airport (Boise Air Terminal),335,2,7,0,N,0,1,0,0,0,41,3/1/2019,42,TRUE,RNO-BOI,Friday,FALSE
4,3/1/2019,1615,1725,1655,WN,Southwest Airlines Co.,637,N342SW,70,70,54,30,30,RNO,Reno/Tahoe International Airport,LAS,McCarran International Airport,345,6,10,0,N,0,14,0,0,0,16,3/1/2019,30,TRUE,RNO-LAS,Friday,FALSE
4,3/1/2019,1938,2049,2020,WN,Southwest Airlines Co.,708,N286WN,71,70,53,29,28,RNO,Reno/Tahoe International Airport,LAS,McCarran International Airport,345,7,11,0,N,0,13,0,1,0,15,3/1/2019,29,TRUE,RNO-LAS,Friday,FALSE
4,3/1/2019,2230,2335,2300,WN,Southwest Airlines Co.,1017,N337SW,65,70,54,35,40,RNO,Reno/Tahoe International Airport,LAS,McCarran International Airport,345,4,7,0,N,0,1,0,0,0,34,3/1/2019,35,TRUE,RNO-LAS,Friday,FALSE
4,3/1/2019,1348,1517,1455,WN,Southwest Airlines Co.,1027,N230WN,89,75,53,22,8,RNO,Reno/Tahoe International Airport,LAS,McCarran International Airport,345,23,13,0,N,0,6,0,14,0,2,3/1/2019,22,TRUE,RNO-LAS,Friday,FALSE
4,3/1/2019,1859,2011,1835,WN,Southwest Airlines Co.,1072,N752SW,72,70,57,96,94,RNO,Reno/Tahoe International Airport,LAS,McCarran International Airport,345,4,11,0,N,0,5,0,2,0,89,3/1/2019,96,TRUE,RNO-LAS,Friday,FALSE
4,3/1/2019,2029,2134,2050,WN,Southwest Airlines Co.,1403,N258WN,65,70,54,44,49,RNO,Reno/Tahoe International Airport,LAS,McCarran International Airport,345,4,7,0,N,0,0,0,0,0,44,3/1/2019,44,TRUE,RNO-LAS,Friday,FALSE
4,3/1/2019,1045,1158,1140,WN,Southwest Airlines Co.,2018,N313SW,73,70,54,18,15,RNO,Reno/Tahoe International Airport,LAS,McCarran International Airport,345,7,12,0,N,0,15,0,3,0,0,3/1/2019,18,TRUE,RNO-LAS,Friday,FALSE
4,3/1/2019,1509,1619,1555,WN,Southwest Airlines Co.,3517,N487WN,70,70,57,24,24,RNO,Reno/Tahoe International Airport,LAS,McCarran International Airport,345,4,9,0,N,0,2,0,0,0,22,3/1/2019,24,TRUE,RNO-LAS,Friday,FALSE
4,3/1/2019,1140,1255,1240,WN,Southwest Airlines Co.,397,N424WN,75,80,62,15,20,RNO,Reno/Tahoe International Airport,LAX,Los Angeles International Airport,390,7,6,0,N,0,8,0,0,0,7,3/1/2019,15,FALSE,RNO-LAX,Friday,FALSE
4,3/1/2019,1927,2049,2020,WN,Southwest Airlines Co.,520,N283WN,82,85,64,29,32,RNO,Reno/Tahoe International Airport,LAX,Los Angeles International Airport,390,9,9,0,N,0,17,0,0,0,12,3/1/2019,29,TRUE,RNO-LAX,Friday,FALSE
4,3/1/2019,1106,1203,1110,WN,Southwest Airlines Co.,891,N400WN,57,55,44,53,51,RNO,Reno/Tahoe International Airport,OAK,Oakland International Airport,180,5,8,0,N,0,17,0,2,0,34,3/1/2019,53,TRUE,RNO-OAK,Friday,FALSE
4,3/1/2019,1235,1335,1305,WN,Southwest Airlines Co.,2719,N466WN,60,55,41,30,25,RNO,Reno/Tahoe International Airport,OAK,Oakland International Airport,180,5,14,0,N,0,0,0,5,0,25,3/1/2019,30,TRUE,RNO-OAK,Friday,FALSE
4,3/1/2019,1910,2014,1900,WN,Southwest Airlines Co.,2732,N788SA,64,55,46,74,65,RNO,Reno/Tahoe International Airport,OAK,Oakland International Airport,180,4,14,0,N,0,0,0,36,0,38,3/1/2019,74,TRUE,RNO-OAK,Friday,FALSE
4,3/1/2019,2037,2158,2125,WN,Southwest Airlines Co.,1511,N263WN,81,90,64,33,42,RNO,Reno/Tahoe International Airport,PDX,Portland International Airport,444,11,6,0,N,0,0,0,0,0,33,3/1/2019,33,TRUE,RNO-PDX,Friday,FALSE
4,3/1/2019,1611,1734,1715,WN,Southwest Airlines Co.,2360,N618WN,83,90,70,19,26,RNO,Reno/Tahoe International Airport,PDX,Portland International Airport,444,4,9,0,N,0,10,0,0,0,9,3/1/2019,19,TRUE,RNO-PDX,Friday,FALSE
4,3/1/2019,1813,2053,2000,WN,Southwest Airlines Co.,796,N428WN,100,100,83,53,53,RNO,Reno/Tahoe International Airport,PHX,Phoenix Sky Harbor International Airport,601,5,12,0,N,0,21,0,0,0,32,3/1/2019,53,TRUE,RNO-PHX,Friday,FALSE
4,3/1/2019,1646,1815,1750,WN,Southwest Airlines Co.,3513,N686SW,89,110,77,25,46,RNO,Reno/Tahoe International Airport,SAN,San Diego International Airport (Lindbergh Field),488,2,10,0,N,0,13,0,0,0,12,3/1/2019,25,TRUE,RNO-SAN,Friday,FALSE
4,3/1/2019,1603,1739,1720,WN,Southwest Airlines Co.,3835,N610WN,96,110,85,19,33,RNO,Reno/Tahoe International Airport,SEA,Seattle-Tacoma International Airport,564,4,7,0,N,0,9,0,0,0,10,3/1/2019,19,TRUE,RNO-SEA,Friday,FALSE
4,3/1/2019,2101,2213,2135,WN,Southwest Airlines Co.,298,N450WN,72,60,55,38,26,RNO,Reno/Tahoe International Airport,SJC,Norman Y. Mineta San José International Airport,188,6,11,0,N,0,7,0,12,0,19,3/1/2019,38,TRUE,RNO-SJC,Friday,FALSE
4,3/1/2019,1221,1330,1315,WN,Southwest Airlines Co.,1002,N745SW,69,60,57,15,6,RNO,Reno/Tahoe International Airport,SJC,Norman Y. Mineta San José International Airport,188,3,9,0,N,0,4,0,9,0,2,3/1/2019,15,FALSE,RNO-SJC,Friday,FALSE
4,3/1/2019,1801,1900,1810,WN,Southwest Airlines Co.,1276,N265WN,59,60,46,50,51,RNO,Reno/Tahoe International Airport,SJC,Norman Y. Mineta San José International Airport,188,5,8,0,N,0,7,0,0,0,43,3/1/2019,50,TRUE,RNO-SJC,Friday,FALSE
4,3/1/2019,1311,1523,1500,WN,Southwest Airlines Co.,2969,N642WN,72,80,61,23,31,RNO,Reno/Tahoe International Airport,SLC,Salt Lake City International Airport,422,3,8,0,N,0,10,0,0,0,13,3/1/2019,23,TRUE,RNO-SLC,Friday,FALSE
4,3/1/2019,1855,2121,2045,WN,Southwest Airlines Co.,1830,N390SW,146,140,128,36,30,RSW,Southwest Florida International Airport,BWI,Baltimore-Washington International Airport,919,6,12,0,N,0,11,0,6,0,19,3/1/2019,36,TRUE,RSW-BWI,Friday,FALSE
4,3/1/2019,1134,1355,1330,WN,Southwest Airlines Co.,3047,N355SW,141,140,131,25,24,RSW,Southwest Florida International Airport,BWI,Baltimore-Washington International Airport,919,3,7,0,N,0,9,0,1,0,15,3/1/2019,25,TRUE,RSW-BWI,Friday,FALSE
4,3/1/2019,1554,1814,1535,WN,Southwest Airlines Co.,3587,N374SW,200,175,161,159,134,RSW,Southwest Florida International Airport,MDW,Chicago Midway International Airport,1105,33,6,0,N,0,2,0,25,0,132,3/1/2019,159,TRUE,RSW-MDW,Friday,FALSE
4,3/1/2019,1424,1654,1625,WN,Southwest Airlines Co.,294,N398SW,90,100,76,29,39,SAN,San Diego International Airport (Lindbergh Field),ABQ,Albuquerque International Sunport,628,6,8,0,N,0,11,0,0,0,18,3/1/2019,29,TRUE,SAN-ABQ,Friday,FALSE
4,3/1/2019,2009,2232,2210,WN,Southwest Airlines Co.,1255,N361SW,83,100,72,22,39,SAN,San Diego International Airport (Lindbergh Field),ABQ,Albuquerque International Sunport,628,4,7,0,N,0,2,0,0,0,20,3/1/2019,22,TRUE,SAN-ABQ,Friday,FALSE
4,3/1/2019,1557,2022,2005,WN,Southwest Airlines Co.,2529,N453WN,145,160,133,17,32,SAN,San Diego International Airport (Lindbergh Field),AUS,Austin-Bergstrom International Airport,1164,5,7,0,N,0,9,0,0,0,8,3/1/2019,17,TRUE,SAN-AUS,Friday,FALSE
4,3/1/2019,1502,2031,2015,WN,Southwest Airlines Co.,179,N226WN,209,220,197,16,27,SAN,San Diego International Airport (Lindbergh Field),BNA,Nashville International Airport,1751,4,8,0,N,0,8,0,0,0,8,3/1/2019,16,TRUE,SAN-BNA,Friday,FALSE
4,3/1/2019,1425,1658,1545,WN,Southwest Airlines Co.,1156,N630WN,93,100,79,73,80,SAN,San Diego International Airport (Lindbergh Field),ELP,El Paso International Airport,636,4,10,0,N,0,1,0,0,0,72,3/1/2019,73,TRUE,SAN-ELP,Friday,FALSE
4,3/1/2019,1609,1713,1630,WN,Southwest Airlines Co.,156,N466WN,64,70,49,43,49,SAN,San Diego International Airport (Lindbergh Field),LAS,McCarran International Airport,258,6,9,0,N,0,4,0,0,0,39,3/1/2019,43,TRUE,SAN-LAS,Friday,FALSE
4,3/1/2019,1036,1150,1135,WN,Southwest Airlines Co.,213,N302SW,74,70,53,15,11,SAN,San Diego International Airport (Lindbergh Field),LAS,McCarran International Airport,258,11,10,0,N,0,1,0,4,0,10,3/1/2019,15,FALSE,SAN-LAS,Friday,FALSE
4,3/1/2019,1904,2008,1835,WN,Southwest Airlines Co.,415,N395SW,64,70,52,93,99,SAN,San Diego International Airport (Lindbergh Field),LAS,McCarran International Airport,258,5,7,0,N,0,90,0,0,0,3,3/1/2019,93,TRUE,SAN-LAS,Friday,FALSE
4,3/1/2019,1630,1736,1705,WN,Southwest Airlines Co.,719,N414WN,66,70,48,31,35,SAN,San Diego International Airport (Lindbergh Field),LAS,McCarran International Airport,258,6,12,0,N,0,1,0,0,0,30,3/1/2019,31,TRUE,SAN-LAS,Friday,FALSE
4,3/1/2019,2008,2109,2010,WN,Southwest Airlines Co.,2273,N692SW,61,70,48,59,68,SAN,San Diego International Airport (Lindbergh Field),LAS,McCarran International Airport,258,3,10,0,N,0,3,0,0,0,56,3/1/2019,59,TRUE,SAN-LAS,Friday,FALSE
4,3/1/2019,1803,1905,1750,WN,Southwest Airlines Co.,2450,N405WN,62,70,49,75,83,SAN,San Diego International Airport (Lindbergh Field),LAS,McCarran International Airport,258,4,9,0,N,0,0,0,10,0,65,3/1/2019,75,TRUE,SAN-LAS,Friday,FALSE
4,3/1/2019,2220,2320,2230,WN,Southwest Airlines Co.,2816,N754SW,60,70,48,50,60,SAN,San Diego International Airport (Lindbergh Field),LAS,McCarran International Airport,258,5,7,0,N,0,0,0,0,0,50,3/1/2019,50,TRUE,SAN-LAS,Friday,FALSE
4,3/1/2019,1008,1509,1420,WN,Southwest Airlines Co.,283,N213WN,181,185,157,49,53,SAN,San Diego International Airport (Lindbergh Field),MCI,Kansas City International Airport,1333,4,20,0,N,0,0,0,13,0,36,3/1/2019,49,TRUE,SAN-MCI,Friday,FALSE
4,3/1/2019,1917,4,2335,WN,Southwest Airlines Co.,318,N474WN,167,180,150,29,42,SAN,San Diego International Airport (Lindbergh Field),MCI,Kansas City International Airport,1333,3,14,0,N,0,0,0,0,0,29,3/1/2019,29,TRUE,SAN-MCI,Friday,FALSE
4,3/1/2019,2004,131,40,WN,Southwest Airlines Co.,3065,N750SA,207,225,191,51,69,SAN,San Diego International Airport (Lindbergh Field),MDW,Chicago Midway International Airport,1728,9,7,0,N,0,5,0,0,0,46,3/1/2019,51,TRUE,SAN-MDW,Friday,FALSE
4,3/1/2019,1900,26,2200,WN,Southwest Airlines Co.,3662,N492WN,206,230,189,146,170,SAN,San Diego International Airport (Lindbergh Field),MDW,Chicago Midway International Airport,1728,6,11,0,N,0,3,0,0,0,143,3/1/2019,146,TRUE,SAN-MDW,Friday,FALSE
4,3/1/2019,1406,1536,1455,WN,Southwest Airlines Co.,78,N473WN,90,85,76,41,36,SAN,San Diego International Airport (Lindbergh Field),OAK,Oakland International Airport,446,4,10,0,N,0,9,0,5,0,27,3/1/2019,41,TRUE,SAN-OAK,Friday,FALSE
4,3/1/2019,2015,2209,2055,WN,Southwest Airlines Co.,644,N423WN,114,90,80,74,50,SAN,San Diego International Airport (Lindbergh Field),OAK,Oakland International Airport,446,5,29,0,N,0,0,0,27,0,47,3/1/2019,74,TRUE,SAN-OAK,Friday,FALSE
4,3/1/2019,836,1012,945,WN,Southwest Airlines Co.,783,N306SW,96,90,77,27,21,SAN,San Diego International Airport (Lindbergh Field),OAK,Oakland International Airport,446,3,16,0,N,0,12,0,6,0,9,3/1/2019,27,TRUE,SAN-OAK,Friday,FALSE
4,3/1/2019,1528,1700,1630,WN,Southwest Airlines Co.,1071,N315SW,92,85,78,30,23,SAN,San Diego International Airport (Lindbergh Field),OAK,Oakland International Airport,446,10,4,0,N,0,3,0,7,0,20,3/1/2019,30,TRUE,SAN-OAK,Friday,FALSE
4,3/1/2019,1446,1615,1555,WN,Southwest Airlines Co.,1112,N795SW,89,85,78,20,16,SAN,San Diego International Airport (Lindbergh Field),OAK,Oakland International Airport,446,3,8,0,N,0,16,0,4,0,0,3/1/2019,20,TRUE,SAN-OAK,Friday,FALSE
4,3/1/2019,2043,2219,2200,WN,Southwest Airlines Co.,1172,N221WN,96,90,80,19,13,SAN,San Diego International Airport (Lindbergh Field),OAK,Oakland International Airport,446,4,12,0,N,0,3,0,6,0,10,3/1/2019,19,TRUE,SAN-OAK,Friday,FALSE
4,3/1/2019,1546,1748,1705,WN,Southwest Airlines Co.,1179,N384SW,122,85,78,43,6,SAN,San Diego International Airport (Lindbergh Field),OAK,Oakland International Airport,446,34,10,0,N,0,0,0,37,0,6,3/1/2019,43,TRUE,SAN-OAK,Friday,FALSE
4,3/1/2019,953,1130,1055,WN,Southwest Airlines Co.,1599,N207WN,97,90,74,35,28,SAN,San Diego International Airport (Lindbergh Field),OAK,Oakland International Airport,446,4,19,0,N,0,24,0,7,0,4,3/1/2019,35,TRUE,SAN-OAK,Friday,FALSE
4,3/1/2019,1846,2031,1940,WN,Southwest Airlines Co.,2971,N795SW,105,90,78,51,36,SAN,San Diego International Airport (Lindbergh Field),OAK,Oakland International Airport,446,14,13,0,N,0,0,0,18,0,33,3/1/2019,51,TRUE,SAN-OAK,Friday,FALSE
4,3/1/2019,1223,1352,1330,WN,Southwest Airlines Co.,3679,N434WN,89,90,74,22,23,SAN,San Diego International Airport (Lindbergh Field),OAK,Oakland International Airport,446,3,12,0,N,0,8,0,0,0,14,3/1/2019,22,TRUE,SAN-OAK,Friday,FALSE
4,3/1/2019,1417,1617,1445,WN,Southwest Airlines Co.,316,N797MX,60,70,46,92,102,SAN,San Diego International Airport (Lindbergh Field),PHX,Phoenix Sky Harbor International Airport,304,4,10,0,N,0,0,0,0,0,92,3/1/2019,92,TRUE,SAN-PHX,Friday,FALSE
4,3/1/2019,1633,1841,1820,WN,Southwest Airlines Co.,410,N327SW,68,70,48,21,23,SAN,San Diego International Airport (Lindbergh Field),PHX,Phoenix Sky Harbor International Airport,304,5,15,0,N,0,0,0,0,0,21,3/1/2019,21,TRUE,SAN-PHX,Friday,FALSE
4,3/1/2019,1208,1414,1355,WN,Southwest Airlines Co.,1022,N655WN,66,70,44,19,23,SAN,San Diego International Airport (Lindbergh Field),PHX,Phoenix Sky Harbor International Airport,304,3,19,0,N,0,9,0,0,0,10,3/1/2019,19,TRUE,SAN-PHX,Friday,FALSE
4,3/1/2019,1509,1704,1625,WN,Southwest Airlines Co.,1684,N429WN,55,70,43,39,54,SAN,San Diego International Airport (Lindbergh Field),PHX,Phoenix Sky Harbor International Airport,304,5,7,0,N,0,0,0,0,0,39,3/1/2019,39,TRUE,SAN-PHX,Friday,FALSE
4,3/1/2019,1917,2135,1935,WN,Southwest Airlines Co.,2268,N607SW,78,75,52,120,117,SAN,San Diego International Airport (Lindbergh Field),PHX,Phoenix Sky Harbor International Airport,304,9,17,0,N,0,11,0,3,0,106,3/1/2019,120,TRUE,SAN-PHX,Friday,FALSE
4,3/1/2019,1827,2028,2010,WN,Southwest Airlines Co.,3669,N615SW,61,70,46,18,27,SAN,San Diego International Airport (Lindbergh Field),PHX,Phoenix Sky Harbor International Airport,304,6,9,0,N,0,0,0,0,0,18,3/1/2019,18,TRUE,SAN-PHX,Friday,FALSE
4,3/1/2019,1901,2020,1935,WN,Southwest Airlines Co.,1511,N263WN,79,100,66,45,66,SAN,San Diego International Airport (Lindbergh Field),RNO,Reno/Tahoe International Airport,488,4,9,0,N,0,5,0,0,0,40,3/1/2019,45,TRUE,SAN-RNO,Friday,FALSE
4,3/1/2019,1716,1854,1620,WN,Southwest Airlines Co.,123,N287WN,98,100,85,154,156,SAN,San Diego International Airport (Lindbergh Field),SFO,San Francisco International Airport,447,3,10,0,N,0,0,0,137,0,17,3/1/2019,154,TRUE,SAN-SFO,Friday,FALSE
4,3/1/2019,2202,2344,2250,WN,Southwest Airlines Co.,381,N398SW,102,100,85,54,52,SAN,San Diego International Airport (Lindbergh Field),SFO,San Francisco International Airport,447,5,12,0,N,0,0,0,2,0,52,3/1/2019,54,TRUE,SAN-SFO,Friday,FALSE
4,3/1/2019,1839,2008,1900,WN,Southwest Airlines Co.,458,N203WN,89,100,75,68,79,SAN,San Diego International Airport (Lindbergh Field),SFO,San Francisco International Airport,447,3,11,0,N,0,0,0,51,0,17,3/1/2019,68,TRUE,SAN-SFO,Friday,FALSE
4,3/1/2019,1319,1445,1410,WN,Southwest Airlines Co.,585,N245WN,86,100,71,35,49,SAN,San Diego International Airport (Lindbergh Field),SFO,San Francisco International Airport,447,4,11,0,N,0,0,0,23,0,12,3/1/2019,35,TRUE,SAN-SFO,Friday,FALSE
4,3/1/2019,1043,1230,1155,WN,Southwest Airlines Co.,1597,N429WN,107,100,78,35,28,SAN,San Diego International Airport (Lindbergh Field),SFO,San Francisco International Airport,447,21,8,0,N,0,0,0,12,0,23,3/1/2019,35,TRUE,SAN-SFO,Friday,FALSE
4,3/1/2019,1029,1152,1015,WN,Southwest Airlines Co.,1855,N797MX,83,100,74,97,114,SAN,San Diego International Airport (Lindbergh Field),SFO,San Francisco International Airport,447,3,6,0,N,0,0,0,96,0,1,3/1/2019,97,TRUE,SAN-SFO,Friday,FALSE
4,3/1/2019,2106,2241,2050,WN,Southwest Airlines Co.,3839,N421LV,95,100,81,111,116,SAN,San Diego International Airport (Lindbergh Field),SFO,San Francisco International Airport,447,5,9,0,N,0,0,0,50,0,61,3/1/2019,111,TRUE,SAN-SFO,Friday,FALSE
4,3/1/2019,1201,1337,1235,WN,Southwest Airlines Co.,635,N729SW,96,85,65,62,51,SAN,San Diego International Airport (Lindbergh Field),SJC,Norman Y. Mineta San José International Airport,417,11,20,0,N,0,7,0,11,0,44,3/1/2019,62,TRUE,SAN-SJC,Friday,FALSE
4,3/1/2019,1757,1918,1850,WN,Southwest Airlines Co.,1188,N254WN,81,80,62,28,27,SAN,San Diego International Airport (Lindbergh Field),SJC,Norman Y. Mineta San José International Airport,417,9,10,0,N,0,0,0,1,0,27,3/1/2019,28,TRUE,SAN-SJC,Friday,FALSE
4,3/1/2019,2212,2330,2225,WN,Southwest Airlines Co.,1482,N391SW,78,80,66,65,67,SAN,San Diego International Airport (Lindbergh Field),SJC,Norman Y. Mineta San José International Airport,417,6,6,0,N,0,6,0,0,0,59,3/1/2019,65,TRUE,SAN-SJC,Friday,FALSE
4,3/1/2019,1848,2003,1810,WN,Southwest Airlines Co.,1600,N769SW,75,80,64,113,118,SAN,San Diego International Airport (Lindbergh Field),SJC,Norman Y. Mineta San José International Airport,417,4,7,0,N,0,0,0,0,0,113,3/1/2019,113,TRUE,SAN-SJC,Friday,FALSE
4,3/1/2019,1321,1441,1425,WN,Southwest Airlines Co.,2965,N359SW,80,80,63,16,16,SAN,San Diego International Airport (Lindbergh Field),SJC,Norman Y. Mineta San José International Airport,417,4,13,0,N,0,0,0,0,0,16,3/1/2019,16,TRUE,SAN-SJC,Friday,FALSE
4,3/1/2019,1624,1812,1700,WN,Southwest Airlines Co.,299,N718SW,108,90,75,72,54,SAN,San Diego International Airport (Lindbergh Field),SMF,Sacramento International Airport,480,6,27,0,N,0,0,0,18,0,54,3/1/2019,72,TRUE,SAN-SMF,Friday,FALSE
4,3/1/2019,2059,2223,2105,WN,Southwest Airlines Co.,574,N314SW,84,95,70,78,89,SAN,San Diego International Airport (Lindbergh Field),SMF,Sacramento International Airport,480,3,11,0,N,0,0,0,0,0,78,3/1/2019,78,TRUE,SAN-SMF,Friday,FALSE
4,3/1/2019,1136,1306,1250,WN,Southwest Airlines Co.,1010,N744SW,90,95,71,16,21,SAN,San Diego International Airport (Lindbergh Field),SMF,Sacramento International Airport,480,5,14,0,N,0,2,0,0,0,14,3/1/2019,16,TRUE,SAN-SMF,Friday,FALSE
4,3/1/2019,2238,2400,2320,WN,Southwest Airlines Co.,1320,N456WN,82,90,70,40,48,SAN,San Diego International Airport (Lindbergh Field),SMF,Sacramento International Airport,480,4,8,0,N,0,1,0,0,0,39,3/1/2019,40,TRUE,SAN-SMF,Friday,FALSE
4,3/1/2019,1844,2008,1950,WN,Southwest Airlines Co.,3600,N686SW,84,95,71,18,29,SAN,San Diego International Airport (Lindbergh Field),SMF,Sacramento International Airport,480,5,8,0,N,0,2,0,0,0,16,3/1/2019,18,TRUE,SAN-SMF,Friday,FALSE
4,3/1/2019,2135,2306,2220,WN,Southwest Airlines Co.,3673,N729SW,91,95,71,46,50,SAN,San Diego International Airport (Lindbergh Field),SMF,Sacramento International Airport,480,5,15,0,N,0,46,0,0,0,0,3/1/2019,46,TRUE,SAN-SMF,Friday,FALSE
4,3/1/2019,1240,1443,1420,WN,Southwest Airlines Co.,98,N384SW,63,70,52,23,30,SAN,San Diego International Airport (Lindbergh Field),TUS,Tucson International Airport,367,3,8,0,N,0,0,0,0,0,23,3/1/2019,23,TRUE,SAN-TUS,Friday,FALSE
4,3/1/2019,1537,1738,1715,WN,Southwest Airlines Co.,580,N301SW,61,70,51,23,32,SAN,San Diego International Airport (Lindbergh Field),TUS,Tucson International Airport,367,3,7,0,N,0,2,0,0,0,21,3/1/2019,23,TRUE,SAN-TUS,Friday,FALSE
4,3/1/2019,1446,1855,1840,WN,Southwest Airlines Co.,3419,N796SW,189,185,174,15,11,SAT,San Antonio International Airport,BWI,Baltimore-Washington International Airport,1407,5,10,0,N,0,4,0,4,0,7,3/1/2019,15,FALSE,SAT-BWI,Friday,FALSE
4,3/1/2019,2006,2059,2040,WN,Southwest Airlines Co.,120,N277WN,53,55,42,19,21,SAT,San Antonio International Airport,DAL,Dallas Love Field,248,3,8,0,N,0,19,0,0,0,0,3/1/2019,19,TRUE,SAT-DAL,Friday,FALSE
4,3/1/2019,1913,2008,1950,WN,Southwest Airlines Co.,572,N289CT,55,55,42,18,18,SAT,San Antonio International Airport,DAL,Dallas Love Field,248,4,9,0,N,0,1,0,0,0,17,3/1/2019,18,TRUE,SAT-DAL,Friday,FALSE
4,3/1/2019,2128,2227,2140,WN,Southwest Airlines Co.,2023,N295WN,59,55,43,47,43,SAT,San Antonio International Airport,DAL,Dallas Love Field,248,4,12,0,N,0,0,0,4,0,43,3/1/2019,47,TRUE,SAT-DAL,Friday,FALSE
4,3/1/2019,1450,1549,1520,WN,Southwest Airlines Co.,2353,N687SW,59,55,43,29,25,SAT,San Antonio International Airport,DAL,Dallas Love Field,248,3,13,0,N,0,25,0,4,0,0,3/1/2019,29,TRUE,SAT-DAL,Friday,FALSE
4,3/1/2019,1716,1828,1805,WN,Southwest Airlines Co.,2624,N693SW,72,55,44,23,6,SAT,San Antonio International Airport,DAL,Dallas Love Field,248,16,12,0,N,0,6,0,17,0,0,3/1/2019,23,TRUE,SAT-DAL,Friday,FALSE
4,3/1/2019,1550,1651,1630,WN,Southwest Airlines Co.,3168,N513SW,61,55,44,21,15,SAT,San Antonio International Airport,DAL,Dallas Love Field,248,4,13,0,N,0,0,0,6,0,15,3/1/2019,21,TRUE,SAT-DAL,Friday,FALSE
4,3/1/2019,1448,1546,1450,WN,Southwest Airlines Co.,3508,N527SW,58,55,45,56,53,SAT,San Antonio International Airport,DAL,Dallas Love Field,248,3,10,0,N,0,0,0,3,0,53,3/1/2019,56,TRUE,SAT-DAL,Friday,FALSE
4,3/1/2019,2220,2248,2055,WN,Southwest Airlines Co.,186,N799SW,88,90,75,113,115,SAT,San Antonio International Airport,ELP,El Paso International Airport,496,3,10,0,N,0,0,0,0,0,113,3/1/2019,113,TRUE,SAT-ELP,Friday,FALSE
4,3/1/2019,1136,1203,1140,WN,Southwest Airlines Co.,511,N272WN,87,90,76,23,26,SAT,San Antonio International Airport,ELP,El Paso International Airport,496,2,9,0,N,0,20,0,0,0,3,3/1/2019,23,TRUE,SAT-ELP,Friday,FALSE
4,3/1/2019,1500,1544,1450,WN,Southwest Airlines Co.,714,N305SW,44,50,29,54,60,SAT,San Antonio International Airport,HOU,William P. Hobby Airport,192,3,12,0,N,0,4,0,0,0,50,3/1/2019,54,TRUE,SAT-HOU,Friday,FALSE
4,3/1/2019,2005,2045,2020,WN,Southwest Airlines Co.,2015,N792SW,40,45,30,25,30,SAT,San Antonio International Airport,HOU,William P. Hobby Airport,192,3,7,0,N,0,0,0,0,0,25,3/1/2019,25,TRUE,SAT-HOU,Friday,FALSE
4,3/1/2019,1931,2017,1920,WN,Southwest Airlines Co.,1936,N295WN,46,50,34,57,61,SAT,San Antonio International Airport,HRL,Valley International Airport,233,2,10,0,N,0,0,0,0,0,57,3/1/2019,57,TRUE,SAT-HRL,Friday,FALSE
4,3/1/2019,1946,2039,2020,WN,Southwest Airlines Co.,1166,N351SW,173,175,158,19,21,SAT,San Antonio International Airport,LAS,McCarran International Airport,1069,7,8,0,N,0,0,0,0,0,19,3/1/2019,19,TRUE,SAT-LAS,Friday,FALSE
4,3/1/2019,1742,2017,1950,WN,Southwest Airlines Co.,116,N310SW,155,150,140,27,22,SAT,San Antonio International Airport,MDW,Chicago Midway International Airport,1036,5,10,0,N,0,3,0,5,0,19,3/1/2019,27,TRUE,SAT-MDW,Friday,FALSE
4,3/1/2019,2001,2127,2100,WN,Southwest Airlines Co.,998,N369SW,146,145,127,27,26,SAT,San Antonio International Airport,PHX,Phoenix Sky Harbor International Airport,843,11,8,0,N,0,11,0,1,0,15,3/1/2019,27,TRUE,SAT-PHX,Friday,FALSE
4,3/1/2019,1649,1645,1630,WN,Southwest Airlines Co.,823,N725SW,56,70,48,15,29,SDF,Louisville International Airport (Standiford Field),BHM,Birmingham-Shuttlesworth International Airport,323,2,6,0,N,0,5,0,0,0,10,3/1/2019,15,FALSE,SDF-BHM,Friday,FALSE
4,3/1/2019,2049,2213,2145,WN,Southwest Airlines Co.,693,N232WN,84,85,73,28,29,SDF,Louisville International Airport (Standiford Field),BWI,Baltimore-Washington International Airport,495,4,7,0,N,0,0,0,0,0,28,3/1/2019,28,TRUE,SDF-BWI,Friday,FALSE
4,3/1/2019,1931,2052,1950,WN,Southwest Airlines Co.,794,N781WN,81,85,70,62,66,SDF,Louisville International Airport (Standiford Field),BWI,Baltimore-Washington International Airport,495,5,6,0,N,0,0,0,0,0,62,3/1/2019,62,TRUE,SDF-BWI,Friday,FALSE
4,3/1/2019,1700,1805,1725,WN,Southwest Airlines Co.,2730,N273WN,245,260,236,40,55,SDF,Louisville International Airport (Standiford Field),LAS,McCarran International Airport,1624,4,5,0,N,0,1,0,0,0,39,3/1/2019,40,TRUE,SDF-LAS,Friday,FALSE
4,3/1/2019,1719,1725,1705,WN,Southwest Airlines Co.,718,N457WN,66,65,52,20,19,SDF,Louisville International Airport (Standiford Field),MDW,Chicago Midway International Airport,271,7,7,0,N,0,0,0,1,0,19,3/1/2019,20,TRUE,SDF-MDW,Friday,FALSE
4,3/1/2019,1729,1727,1700,WN,Southwest Airlines Co.,977,N376SW,58,65,50,27,34,SDF,Louisville International Airport (Standiford Field),STL,St. Louis International Airport at Lambert Field,254,3,5,0,N,0,0,0,0,0,27,3/1/2019,27,TRUE,SDF-STL,Friday,FALSE
4,3/1/2019,1457,1849,1750,WN,Southwest Airlines Co.,972,N336SW,172,165,151,59,52,SEA,Seattle-Tacoma International Airport,ABQ,Albuquerque International Sunport,1180,6,15,0,N,0,24,0,7,0,28,3/1/2019,59,TRUE,SEA-ABQ,Friday,FALSE
4,3/1/2019,1325,1553,1510,WN,Southwest Airlines Co.,318,N474WN,88,75,61,43,30,SEA,Seattle-Tacoma International Airport,BOI,Boise Airport (Boise Air Terminal),399,2,25,0,N,0,11,0,13,0,19,3/1/2019,43,TRUE,SEA-BOI,Friday,FALSE
4,3/1/2019,2022,2355,2300,WN,Southwest Airlines Co.,1158,N315SW,153,155,128,55,57,SEA,Seattle-Tacoma International Airport,DEN,Denver International Airport,1024,7,18,0,N,0,0,0,0,0,55,3/1/2019,55,TRUE,SEA-DEN,Friday,FALSE
4,3/1/2019,2045,2140,2105,WN,Southwest Airlines Co.,775,N633SW,55,55,35,35,35,SEA,Seattle-Tacoma International Airport,GEG,Spokane International Airport,224,5,15,0,N,0,0,0,4,0,31,3/1/2019,35,TRUE,SEA-GEG,Friday,FALSE
4,3/1/2019,1753,1844,1735,WN,Southwest Airlines Co.,1682,N281WN,51,55,36,69,73,SEA,Seattle-Tacoma International Airport,GEG,Spokane International Airport,224,3,12,0,N,0,0,0,0,0,69,3/1/2019,69,TRUE,SEA-GEG,Friday,FALSE
4,3/1/2019,1456,1734,1710,WN,Southwest Airlines Co.,559,N603SW,158,145,133,24,11,SEA,Seattle-Tacoma International Airport,LAS,McCarran International Airport,866,5,20,0,N,0,11,0,13,0,0,3/1/2019,24,TRUE,SEA-LAS,Friday,FALSE
4,3/1/2019,1906,2130,2105,WN,Southwest Airlines Co.,2211,N646SW,144,145,125,25,26,SEA,Seattle-Tacoma International Airport,LAS,McCarran International Airport,866,7,12,0,N,0,10,0,0,0,15,3/1/2019,25,TRUE,SEA-LAS,Friday,FALSE
4,3/1/2019,1151,1418,1350,WN,Southwest Airlines Co.,2357,N414WN,147,145,126,28,26,SEA,Seattle-Tacoma International Airport,LAS,McCarran International Airport,866,5,16,0,N,0,11,0,2,0,15,3/1/2019,28,TRUE,SEA-LAS,Friday,FALSE
4,3/1/2019,1334,1857,1825,WN,Southwest Airlines Co.,730,N756SA,203,205,177,32,34,SEA,Seattle-Tacoma International Airport,MCI,Kansas City International Airport,1489,4,22,0,N,0,3,0,0,0,29,3/1/2019,32,TRUE,SEA-MCI,Friday,FALSE
4,3/1/2019,1412,1959,1935,WN,Southwest Airlines Co.,1189,N231WN,227,230,210,24,27,SEA,Seattle-Tacoma International Airport,MDW,Chicago Midway International Airport,1733,7,10,0,N,0,12,0,0,0,12,3/1/2019,24,TRUE,SEA-MDW,Friday,FALSE
4,3/1/2019,1132,1719,1645,WN,Southwest Airlines Co.,2789,N209WN,227,230,208,34,37,SEA,Seattle-Tacoma International Airport,MDW,Chicago Midway International Airport,1733,5,14,0,N,0,12,0,0,0,22,3/1/2019,34,TRUE,SEA-MDW,Friday,FALSE
4,3/1/2019,1034,1246,1225,WN,Southwest Airlines Co.,898,N328SW,132,125,114,21,14,SEA,Seattle-Tacoma International Airport,OAK,Oakland International Airport,671,4,14,0,N,0,14,0,7,0,0,3/1/2019,21,TRUE,SEA-OAK,Friday,FALSE
4,3/1/2019,2241,32,2305,WN,Southwest Airlines Co.,1687,N769SW,111,125,98,87,101,SEA,Seattle-Tacoma International Airport,OAK,Oakland International Airport,671,5,8,0,N,0,6,0,0,0,81,3/1/2019,87,TRUE,SEA-OAK,Friday,FALSE
4,3/1/2019,1912,2113,2030,WN,Southwest Airlines Co.,3589,N601WN,121,125,107,43,47,SEA,Seattle-Tacoma International Airport,OAK,Oakland International Airport,671,3,11,0,N,0,11,0,0,0,32,3/1/2019,43,TRUE,SEA-OAK,Friday,FALSE
4,3/1/2019,1821,2208,2130,WN,Southwest Airlines Co.,408,N610WN,167,165,153,38,36,SEA,Seattle-Tacoma International Airport,PHX,Phoenix Sky Harbor International Airport,1107,5,9,0,N,0,17,0,2,0,19,3/1/2019,38,TRUE,SEA-PHX,Friday,FALSE
4,3/1/2019,2039,2214,2135,WN,Southwest Airlines Co.,1017,N337SW,95,100,78,39,44,SEA,Seattle-Tacoma International Airport,RNO,Reno/Tahoe International Airport,564,4,13,0,N,0,4,0,0,0,35,3/1/2019,39,TRUE,SEA-RNO,Friday,FALSE
4,3/1/2019,804,1022,1000,WN,Southwest Airlines Co.,98,N384SW,138,130,117,22,14,SEA,Seattle-Tacoma International Airport,SJC,Norman Y. Mineta San José International Airport,697,5,16,0,N,0,9,0,8,0,5,3/1/2019,22,TRUE,SEA-SJC,Friday,FALSE
4,3/1/2019,1912,2119,2055,WN,Southwest Airlines Co.,390,N655WN,127,125,111,24,22,SEA,Seattle-Tacoma International Airport,SJC,Norman Y. Mineta San José International Airport,697,3,13,0,N,0,8,0,2,0,14,3/1/2019,24,TRUE,SEA-SJC,Friday,FALSE
4,3/1/2019,1641,1836,1740,WN,Southwest Airlines Co.,722,N729SW,115,130,101,56,71,SEA,Seattle-Tacoma International Airport,SJC,Norman Y. Mineta San José International Airport,697,4,10,0,N,0,11,0,0,0,45,3/1/2019,56,TRUE,SEA-SJC,Friday,FALSE
4,3/1/2019,1840,2127,2110,WN,Southwest Airlines Co.,1747,N613SW,107,110,94,17,20,SEA,Seattle-Tacoma International Airport,SLC,Salt Lake City International Airport,689,1,12,0,N,0,2,0,0,0,15,3/1/2019,17,TRUE,SEA-SLC,Friday,FALSE
4,3/1/2019,1139,1334,1245,WN,Southwest Airlines Co.,73,N331SW,115,105,100,49,39,SEA,Seattle-Tacoma International Airport,SMF,Sacramento International Airport,605,5,10,0,N,0,37,0,10,0,2,3/1/2019,49,TRUE,SEA-SMF,Friday,FALSE
4,3/1/2019,1605,1754,1645,WN,Southwest Airlines Co.,151,N750SA,109,105,86,69,65,SEA,Seattle-Tacoma International Airport,SMF,Sacramento International Airport,605,5,18,0,N,0,16,0,4,0,49,3/1/2019,69,TRUE,SEA-SMF,Friday,FALSE
4,3/1/2019,1757,1951,1855,WN,Southwest Airlines Co.,1395,N391SW,114,105,86,56,47,SEA,Seattle-Tacoma International Airport,SMF,Sacramento International Airport,605,5,23,0,N,0,23,0,9,0,24,3/1/2019,56,TRUE,SEA-SMF,Friday,FALSE
4,3/1/2019,1955,2137,2110,WN,Southwest Airlines Co.,2467,N770SA,102,105,84,27,30,SEA,Seattle-Tacoma International Airport,SMF,Sacramento International Airport,605,6,12,0,N,0,17,0,0,0,10,3/1/2019,27,TRUE,SEA-SMF,Friday,FALSE
4,3/1/2019,2036,2204,2055,WN,Southwest Airlines Co.,632,N203WN,88,90,63,69,71,SFO,San Francisco International Airport,LAS,McCarran International Airport,414,8,17,0,N,0,0,3,0,0,66,3/1/2019,69,TRUE,SFO-LAS,Friday,FALSE
4,3/1/2019,708,846,800,WN,Southwest Airlines Co.,643,N756SA,98,90,67,46,38,SFO,San Francisco International Airport,LAS,McCarran International Airport,414,8,23,0,N,0,38,0,8,0,0,3/1/2019,46,TRUE,SFO-LAS,Friday,FALSE
4,3/1/2019,1254,1440,1240,WN,Southwest Airlines Co.,706,N491WN,106,90,67,120,104,SFO,San Francisco International Airport,LAS,McCarran International Airport,414,6,33,0,N,0,41,0,16,0,63,3/1/2019,120,TRUE,SFO-LAS,Friday,FALSE
4,3/1/2019,1516,1646,1610,WN,Southwest Airlines Co.,1018,N245WN,90,90,69,36,36,SFO,San Francisco International Airport,LAS,McCarran International Airport,414,8,13,0,N,0,0,1,0,0,35,3/1/2019,36,TRUE,SFO-LAS,Friday,FALSE
4,3/1/2019,2059,2216,1750,WN,Southwest Airlines Co.,1924,N761RR,77,90,60,266,279,SFO,San Francisco International Airport,LAS,McCarran International Airport,414,6,11,0,N,0,3,0,0,0,263,3/1/2019,266,TRUE,SFO-LAS,Friday,FALSE
4,3/1/2019,2225,2350,2235,WN,Southwest Airlines Co.,2875,N602SW,85,90,59,75,80,SFO,San Francisco International Airport,LAS,McCarran International Airport,414,4,22,0,N,0,0,0,0,0,75,3/1/2019,75,TRUE,SFO-LAS,Friday,FALSE
4,3/1/2019,1801,1919,1740,WN,Southwest Airlines Co.,578,N738CB,78,85,54,99,106,SFO,San Francisco International Airport,LAX,Los Angeles International Airport,337,5,19,0,N,0,0,0,0,0,99,3/1/2019,99,TRUE,SFO-LAX,Friday,FALSE
4,3/1/2019,1447,1558,1405,WN,Southwest Airlines Co.,750,N738CB,71,90,52,113,132,SFO,San Francisco International Airport,LAX,Los Angeles International Airport,337,7,12,0,N,0,0,0,1,0,112,3/1/2019,113,TRUE,SFO-LAX,Friday,FALSE
4,3/1/2019,2155,2308,2120,WN,Southwest Airlines Co.,777,N738CB,73,85,53,108,120,SFO,San Francisco International Airport,LAX,Los Angeles International Airport,337,5,15,0,N,0,0,0,0,0,108,3/1/2019,108,TRUE,SFO-LAX,Friday,FALSE
4,3/1/2019,1657,2247,1920,WN,Southwest Airlines Co.,106,N751SW,230,250,206,207,227,SFO,San Francisco International Airport,MDW,Chicago Midway International Airport,1855,15,9,0,N,0,0,11,0,0,196,3/1/2019,207,TRUE,SFO-MDW,Friday,FALSE
4,3/1/2019,1911,103,2300,WN,Southwest Airlines Co.,210,N287WN,232,250,207,123,141,SFO,San Francisco International Airport,MDW,Chicago Midway International Airport,1855,8,17,0,N,0,0,0,0,0,123,3/1/2019,123,TRUE,SFO-MDW,Friday,FALSE
4,3/1/2019,1221,1353,1210,WN,Southwest Airlines Co.,316,N797MX,92,90,67,103,101,SFO,San Francisco International Airport,SAN,San Diego International Airport (Lindbergh Field),447,5,20,0,N,0,0,4,2,0,97,3/1/2019,103,TRUE,SFO-SAN,Friday,FALSE
4,3/1/2019,1324,1447,1350,WN,Southwest Airlines Co.,1684,N429WN,83,90,65,57,64,SFO,San Francisco International Airport,SAN,San Diego International Airport (Lindbergh Field),447,3,15,0,N,0,26,0,0,0,31,3/1/2019,57,TRUE,SFO-SAN,Friday,FALSE
4,3/1/2019,1711,1831,1545,WN,Southwest Airlines Co.,3662,N492WN,80,90,66,166,176,SFO,San Francisco International Airport,SAN,San Diego International Airport (Lindbergh Field),447,3,11,0,N,0,0,0,0,0,166,3/1/2019,166,TRUE,SFO-SAN,Friday,FALSE
4,3/1/2019,1636,1800,1730,WN,Southwest Airlines Co.,3669,N615SW,84,90,66,30,36,SFO,San Francisco International Airport,SAN,San Diego International Airport (Lindbergh Field),447,6,12,0,N,0,0,1,0,0,29,3/1/2019,30,TRUE,SFO-SAN,Friday,FALSE
4,3/1/2019,2303,22,2245,WN,Southwest Airlines Co.,3926,N421LV,79,90,63,97,108,SFO,San Francisco International Airport,SAN,San Diego International Airport (Lindbergh Field),447,3,13,0,N,0,0,0,0,0,97,3/1/2019,97,TRUE,SFO-SAN,Friday,FALSE
4,3/1/2019,2157,2253,2155,WN,Southwest Airlines Co.,579,N430WN,56,60,47,58,62,SJC,Norman Y. Mineta San José International Airport,BUR,Bob Hope Airport (Hollywood Burbank Airport),296,2,7,0,N,0,58,0,0,0,0,3/1/2019,58,TRUE,SJC-BUR,Friday,FALSE
4,3/1/2019,1757,1855,1840,WN,Southwest Airlines Co.,1500,N706SW,58,60,46,15,17,SJC,Norman Y. Mineta San José International Airport,BUR,Bob Hope Airport (Hollywood Burbank Airport),296,2,10,0,N,0,0,0,0,0,15,3/1/2019,15,FALSE,SJC-BUR,Friday,FALSE
4,3/1/2019,1131,1247,1205,WN,Southwest Airlines Co.,419,N275WN,76,80,61,42,46,SJC,Norman Y. Mineta San José International Airport,LAS,McCarran International Airport,386,5,10,0,N,0,6,0,0,0,36,3/1/2019,42,TRUE,SJC-LAS,Friday,FALSE
4,3/1/2019,2208,2317,2245,WN,Southwest Airlines Co.,1858,N429WN,69,80,58,32,43,SJC,Norman Y. Mineta San José International Airport,LAS,McCarran International Airport,386,5,6,0,N,0,0,0,3,0,29,3/1/2019,32,TRUE,SJC-LAS,Friday,FALSE
4,3/1/2019,1739,1849,1820,WN,Southwest Airlines Co.,2025,N740SW,70,80,56,29,39,SJC,Norman Y. Mineta San José International Airport,LAS,McCarran International Airport,386,6,8,0,N,0,3,0,0,0,26,3/1/2019,29,TRUE,SJC-LAS,Friday,FALSE
4,3/1/2019,2053,2207,2115,WN,Southwest Airlines Co.,2533,N385SW,74,80,61,52,58,SJC,Norman Y. Mineta San José International Airport,LAS,McCarran International Airport,386,6,7,0,N,0,4,0,0,0,48,3/1/2019,52,TRUE,SJC-LAS,Friday,FALSE
4,3/1/2019,1438,1553,1530,WN,Southwest Airlines Co.,2907,N647SW,75,80,61,23,28,SJC,Norman Y. Mineta San José International Airport,LAS,McCarran International Airport,386,4,10,0,N,0,3,0,0,0,20,3/1/2019,23,TRUE,SJC-LAS,Friday,FALSE
4,3/1/2019,1918,2029,2000,WN,Southwest Airlines Co.,3142,N446WN,71,80,55,29,38,SJC,Norman Y. Mineta San José International Airport,LAS,McCarran International Airport,386,5,11,0,N,0,1,0,0,0,28,3/1/2019,29,TRUE,SJC-LAS,Friday,FALSE
4,3/1/2019,1929,2031,2005,WN,Southwest Airlines Co.,361,N690SW,62,70,50,26,34,SJC,Norman Y. Mineta San José International Airport,LAX,Los Angeles International Airport,308,7,5,0,N,0,11,0,0,0,15,3/1/2019,26,TRUE,SJC-LAX,Friday,FALSE
4,3/1/2019,2225,2329,2240,WN,Southwest Airlines Co.,625,N619SW,64,70,52,49,55,SJC,Norman Y. Mineta San José International Airport,LAX,Los Angeles International Airport,308,5,7,0,N,0,0,0,0,0,49,3/1/2019,49,TRUE,SJC-LAX,Friday,FALSE
4,3/1/2019,1653,1806,1715,WN,Southwest Airlines Co.,1004,N676SW,73,70,51,51,48,SJC,Norman Y. Mineta San José International Airport,LAX,Los Angeles International Airport,308,5,17,0,N,0,21,0,3,0,27,3/1/2019,51,TRUE,SJC-LAX,Friday,FALSE
4,3/1/2019,1830,1944,1820,WN,Southwest Airlines Co.,1044,N306SW,74,70,53,84,80,SJC,Norman Y. Mineta San José International Airport,LAX,Los Angeles International Airport,308,5,16,0,N,0,26,0,4,0,54,3/1/2019,84,TRUE,SJC-LAX,Friday,FALSE
4,3/1/2019,1459,1602,1535,WN,Southwest Airlines Co.,1081,N361SW,63,70,50,27,34,SJC,Norman Y. Mineta San José International Airport,LAX,Los Angeles International Airport,308,6,7,0,N,0,2,0,0,0,25,3/1/2019,27,TRUE,SJC-LAX,Friday,FALSE
4,3/1/2019,759,903,835,WN,Southwest Airlines Co.,1948,N631SW,64,70,51,28,34,SJC,Norman Y. Mineta San José International Airport,LAX,Los Angeles International Airport,308,6,7,0,N,0,28,0,0,0,0,3/1/2019,28,TRUE,SJC-LAX,Friday,FALSE
4,3/1/2019,2050,2207,2150,WN,Southwest Airlines Co.,2285,N673AA,77,70,57,17,10,SJC,Norman Y. Mineta San José International Airport,LAX,Los Angeles International Airport,308,5,15,0,N,0,2,0,7,0,8,3/1/2019,17,TRUE,SJC-LAX,Friday,FALSE
4,3/1/2019,2234,2333,2305,WN,Southwest Airlines Co.,298,N450WN,59,70,51,28,39,SJC,Norman Y. Mineta San José International Airport,ONT,Ontario International Airport,333,3,5,0,N,0,1,0,0,0,27,3/1/2019,28,TRUE,SJC-ONT,Friday,FALSE
4,3/1/2019,2032,2135,2105,WN,Southwest Airlines Co.,412,N292WN,63,70,49,30,37,SJC,Norman Y. Mineta San José International Airport,ONT,Ontario International Airport,333,4,10,0,N,0,30,0,0,0,0,3/1/2019,30,TRUE,SJC-ONT,Friday,FALSE
4,3/1/2019,808,909,850,WN,Southwest Airlines Co.,773,N472WN,61,70,52,19,28,SJC,Norman Y. Mineta San José International Airport,ONT,Ontario International Airport,333,3,6,0,N,0,19,0,0,0,0,3/1/2019,19,TRUE,SJC-ONT,Friday,FALSE
4,3/1/2019,1925,2030,1945,WN,Southwest Airlines Co.,1276,N265WN,65,70,51,45,50,SJC,Norman Y. Mineta San José International Airport,ONT,Ontario International Airport,333,4,10,0,N,0,0,0,0,0,45,3/1/2019,45,TRUE,SJC-ONT,Friday,FALSE
4,3/1/2019,1415,1521,1455,WN,Southwest Airlines Co.,2558,N337SW,66,70,53,26,30,SJC,Norman Y. Mineta San José International Airport,ONT,Ontario International Airport,333,5,8,0,N,0,4,0,0,0,22,3/1/2019,26,TRUE,SJC-ONT,Friday,FALSE
4,3/1/2019,1852,2032,1815,WN,Southwest Airlines Co.,173,N344SW,100,105,82,137,142,SJC,Norman Y. Mineta San José International Airport,PDX,Portland International Airport,569,7,11,0,N,0,66,0,0,0,71,3/1/2019,137,TRUE,SJC-PDX,Friday,FALSE
4,3/1/2019,2230,3,2310,WN,Southwest Airlines Co.,343,N687SW,93,105,82,53,65,SJC,Norman Y. Mineta San José International Airport,PDX,Portland International Airport,569,4,7,0,N,0,0,0,6,0,47,3/1/2019,53,TRUE,SJC-PDX,Friday,FALSE
4,3/1/2019,2200,36,5,WN,Southwest Airlines Co.,3344,N653SW,96,105,85,31,40,SJC,Norman Y. Mineta San José International Airport,PHX,Phoenix Sky Harbor International Airport,621,4,7,0,N,0,0,0,0,0,31,3/1/2019,31,TRUE,SJC-PHX,Friday,FALSE
4,3/1/2019,2301,2340,2130,WN,Southwest Airlines Co.,1209,N900WN,39,55,29,130,146,SJC,Norman Y. Mineta San José International Airport,RNO,Reno/Tahoe International Airport,188,4,6,0,N,0,117,0,0,0,13,3/1/2019,130,TRUE,SJC-RNO,Friday,FALSE
4,3/1/2019,1732,1818,1740,WN,Southwest Airlines Co.,2645,N788SA,46,55,32,38,47,SJC,Norman Y. Mineta San José International Airport,RNO,Reno/Tahoe International Airport,188,6,8,0,N,0,0,0,3,0,35,3/1/2019,38,TRUE,SJC-RNO,Friday,FALSE
4,3/1/2019,1151,1237,1220,WN,Southwest Airlines Co.,2969,N642WN,46,55,34,17,26,SJC,Norman Y. Mineta San José International Airport,RNO,Reno/Tahoe International Airport,188,4,8,0,N,0,7,0,0,0,10,3/1/2019,17,TRUE,SJC-RNO,Friday,FALSE
4,3/1/2019,1054,1211,1140,WN,Southwest Airlines Co.,98,N384SW,77,75,66,31,29,SJC,Norman Y. Mineta San José International Airport,SAN,San Diego International Airport (Lindbergh Field),417,2,9,0,N,0,7,0,2,0,22,3/1/2019,31,TRUE,SJC-SAN,Friday,FALSE
4,3/1/2019,2139,2247,2230,WN,Southwest Airlines Co.,390,N655WN,68,75,60,17,24,SJC,Norman Y. Mineta San José International Airport,SAN,San Diego International Airport (Lindbergh Field),417,2,6,0,N,0,0,0,0,0,17,3/1/2019,17,TRUE,SJC-SAN,Friday,FALSE
4,3/1/2019,1353,1504,1435,WN,Southwest Airlines Co.,580,N301SW,71,75,61,29,33,SJC,Norman Y. Mineta San José International Airport,SAN,San Diego International Airport (Lindbergh Field),417,3,7,0,N,0,8,0,0,0,21,3/1/2019,29,TRUE,SJC-SAN,Friday,FALSE
4,3/1/2019,1915,2029,1925,WN,Southwest Airlines Co.,722,N729SW,74,80,61,64,70,SJC,Norman Y. Mineta San José International Airport,SAN,San Diego International Airport (Lindbergh Field),417,2,11,0,N,0,13,0,0,0,51,3/1/2019,64,TRUE,SJC-SAN,Friday,FALSE
4,3/1/2019,1718,1836,1650,WN,Southwest Airlines Co.,2268,N395SW,78,75,67,106,103,SJC,Norman Y. Mineta San José International Airport,SAN,San Diego International Airport (Lindbergh Field),417,3,8,0,N,0,14,0,3,0,89,3/1/2019,106,TRUE,SJC-SAN,Friday,FALSE
4,3/1/2019,1143,1256,1240,WN,Southwest Airlines Co.,2878,N359SW,73,75,63,16,18,SJC,Norman Y. Mineta San José International Airport,SAN,San Diego International Airport (Lindbergh Field),417,3,7,0,N,0,4,0,0,0,12,3/1/2019,16,TRUE,SJC-SAN,Friday,FALSE
4,3/1/2019,1420,1607,1510,WN,Southwest Airlines Co.,635,N729SW,107,130,93,57,80,SJC,Norman Y. Mineta San José International Airport,SEA,Seattle-Tacoma International Airport,697,6,8,0,N,0,13,0,0,0,44,3/1/2019,57,TRUE,SJC-SEA,Friday,FALSE
4,3/1/2019,2023,2214,2040,WN,Southwest Airlines Co.,1600,N769SW,111,130,99,94,113,SJC,Norman Y. Mineta San José International Airport,SEA,Seattle-Tacoma International Airport,697,4,8,0,N,0,0,0,0,0,94,3/1/2019,94,TRUE,SJC-SEA,Friday,FALSE
4,3/1/2019,1640,1746,1700,WN,Southwest Airlines Co.,2028,N758SW,66,75,56,46,55,SJC,Norman Y. Mineta San José International Airport,SNA,John Wayne Airport (Orange County Airport),342,3,7,0,N,0,0,0,0,0,46,3/1/2019,46,TRUE,SJC-SNA,Friday,FALSE
4,3/1/2019,1557,1715,1650,WN,Southwest Airlines Co.,2969,N642WN,78,90,65,25,37,SLC,Salt Lake City International Airport,ABQ,Albuquerque International Sunport,493,5,8,0,N,0,9,0,0,0,16,3/1/2019,25,TRUE,SLC-ABQ,Friday,FALSE
4,3/1/2019,1652,1750,1730,WN,Southwest Airlines Co.,1022,N655WN,58,65,44,20,27,SLC,Salt Lake City International Airport,BOI,Boise Airport (Boise Air Terminal),291,4,10,0,N,0,0,0,4,0,16,3/1/2019,20,TRUE,SLC-BOI,Friday,FALSE
4,3/1/2019,2014,2129,2045,WN,Southwest Airlines Co.,1662,N461WN,75,70,47,44,39,SLC,Salt Lake City International Airport,BOI,Boise Airport (Boise Air Terminal),291,3,25,0,N,0,0,0,6,0,38,3/1/2019,44,TRUE,SLC-BOI,Friday,FALSE
4,3/1/2019,1350,1950,1925,WN,Southwest Airlines Co.,1678,N219WN,240,240,215,25,25,SLC,Salt Lake City International Airport,BWI,Baltimore-Washington International Airport,1864,5,20,0,N,0,9,0,0,0,16,3/1/2019,25,TRUE,SLC-BWI,Friday,FALSE
4,3/1/2019,1443,1554,1515,WN,Southwest Airlines Co.,963,N311SW,71,80,55,39,48,SLC,Salt Lake City International Airport,DEN,Denver International Airport,391,9,7,0,N,0,25,0,0,0,14,3/1/2019,39,TRUE,SLC-DEN,Friday,FALSE
4,3/1/2019,2002,2120,2010,WN,Southwest Airlines Co.,1585,N766SW,78,85,55,70,77,SLC,Salt Lake City International Airport,DEN,Denver International Airport,391,10,13,0,N,0,2,0,0,0,68,3/1/2019,70,TRUE,SLC-DEN,Friday,FALSE
4,3/1/2019,1320,1349,1305,WN,Southwest Airlines Co.,151,N750SA,89,105,74,44,60,SLC,Salt Lake City International Airport,GEG,Spokane International Airport,546,5,10,0,N,0,7,0,0,0,37,3/1/2019,44,TRUE,SLC-GEG,Friday,FALSE
4,3/1/2019,2112,2129,2105,WN,Southwest Airlines Co.,159,N618WN,77,80,61,24,27,SLC,Salt Lake City International Airport,LAS,McCarran International Airport,368,5,11,0,N,0,0,0,5,0,19,3/1/2019,24,TRUE,SLC-LAS,Friday,FALSE
4,3/1/2019,1931,1945,1915,WN,Southwest Airlines Co.,400,N429WN,74,80,59,30,36,SLC,Salt Lake City International Airport,LAS,McCarran International Airport,368,3,12,0,N,0,2,0,0,0,28,3/1/2019,30,TRUE,SLC-LAS,Friday,FALSE
4,3/1/2019,1723,1742,1700,WN,Southwest Airlines Co.,641,N626SW,79,80,61,42,43,SLC,Salt Lake City International Airport,LAS,McCarran International Airport,368,8,10,0,N,0,31,0,0,0,11,3/1/2019,42,TRUE,SLC-LAS,Friday,FALSE
4,3/1/2019,1510,1525,1450,WN,Southwest Airlines Co.,783,N306SW,75,80,61,35,40,SLC,Salt Lake City International Airport,LAS,McCarran International Airport,368,5,9,0,N,0,3,0,0,0,32,3/1/2019,35,TRUE,SLC-LAS,Friday,FALSE
4,3/1/2019,2051,2140,2050,WN,Southwest Airlines Co.,2986,N671SW,109,115,93,50,56,SLC,Salt Lake City International Airport,LAX,Los Angeles International Airport,590,7,9,0,N,0,9,0,0,0,41,3/1/2019,50,TRUE,SLC-LAX,Friday,FALSE
4,3/1/2019,1659,2057,2025,WN,Southwest Airlines Co.,337,N488WN,178,180,154,32,34,SLC,Salt Lake City International Airport,MDW,Chicago Midway International Airport,1258,8,16,0,N,0,24,0,0,0,8,3/1/2019,32,TRUE,SLC-MDW,Friday,FALSE
4,3/1/2019,1754,1859,1825,WN,Southwest Airlines Co.,901,N636WN,125,120,113,34,29,SLC,Salt Lake City International Airport,OAK,Oakland International Airport,588,3,9,0,N,0,1,0,5,0,28,3/1/2019,34,TRUE,SLC-OAK,Friday,FALSE
4,3/1/2019,2102,2203,2120,WN,Southwest Airlines Co.,3743,N247WN,121,125,98,43,47,SLC,Salt Lake City International Airport,OAK,Oakland International Airport,588,7,16,0,N,0,7,0,0,0,36,3/1/2019,43,TRUE,SLC-OAK,Friday,FALSE
4,3/1/2019,1938,2026,1915,WN,Southwest Airlines Co.,1852,N239WN,108,120,93,71,83,SLC,Salt Lake City International Airport,PDX,Portland International Airport,630,3,12,0,N,0,0,0,5,0,66,3/1/2019,71,TRUE,SLC-PDX,Friday,FALSE
4,3/1/2019,1250,1343,1310,WN,Southwest Airlines Co.,3141,N717SA,113,125,95,33,45,SLC,Salt Lake City International Airport,PDX,Portland International Airport,630,4,14,0,N,0,7,0,0,0,26,3/1/2019,33,TRUE,SLC-PDX,Friday,FALSE
4,3/1/2019,1437,1603,1520,WN,Southwest Airlines Co.,508,N455WN,86,95,73,43,52,SLC,Salt Lake City International Airport,PHX,Phoenix Sky Harbor International Airport,507,4,9,0,N,0,3,0,0,0,40,3/1/2019,43,TRUE,SLC-PHX,Friday,FALSE
4,3/1/2019,1547,1718,1650,WN,Southwest Airlines Co.,966,N345SA,91,95,79,28,32,SLC,Salt Lake City International Airport,PHX,Phoenix Sky Harbor International Airport,507,5,7,0,N,0,14,0,0,0,14,3/1/2019,28,TRUE,SLC-PHX,Friday,FALSE
4,3/1/2019,1748,1920,1905,WN,Southwest Airlines Co.,1214,N431WN,92,100,79,15,23,SLC,Salt Lake City International Airport,PHX,Phoenix Sky Harbor International Airport,507,6,7,0,N,0,6,0,0,0,9,3/1/2019,15,FALSE,SLC-PHX,Friday,FALSE
4,3/1/2019,2153,2322,2305,WN,Southwest Airlines Co.,1747,N613SW,89,95,77,17,23,SLC,Salt Lake City International Airport,PHX,Phoenix Sky Harbor International Airport,507,3,9,0,N,0,4,0,0,0,13,3/1/2019,17,TRUE,SLC-PHX,Friday,FALSE
4,3/1/2019,2102,2234,2115,WN,Southwest Airlines Co.,2369,N739GB,92,95,76,79,82,SLC,Salt Lake City International Airport,PHX,Phoenix Sky Harbor International Airport,507,5,11,0,N,0,14,0,0,0,65,3/1/2019,79,TRUE,SLC-PHX,Friday,FALSE
4,3/1/2019,1210,1301,1230,WN,Southwest Airlines Co.,643,N756SA,111,135,97,31,55,SLC,Salt Lake City International Airport,SEA,Seattle-Tacoma International Airport,689,5,9,0,N,0,7,0,0,0,24,3/1/2019,31,TRUE,SLC-SEA,Friday,FALSE
4,3/1/2019,1711,1813,1755,WN,Southwest Airlines Co.,1660,N613SW,122,130,104,18,26,SLC,Salt Lake City International Airport,SEA,Seattle-Tacoma International Airport,689,5,13,0,N,0,10,0,0,0,8,3/1/2019,18,TRUE,SLC-SEA,Friday,FALSE
4,3/1/2019,1643,2013,1950,WN,Southwest Airlines Co.,125,N782SA,150,165,135,23,38,SLC,Salt Lake City International Airport,STL,St. Louis International Airport at Lambert Field,1156,4,11,0,N,0,4,0,0,0,19,3/1/2019,23,TRUE,SLC-STL,Friday,FALSE
4,3/1/2019,1611,1727,1650,WN,Southwest Airlines Co.,1252,N324SW,76,65,61,37,26,SMF,Sacramento International Airport,BUR,Bob Hope Airport (Hollywood Burbank Airport),358,2,13,0,N,0,7,0,11,0,19,3/1/2019,37,TRUE,SMF-BUR,Friday,FALSE
4,3/1/2019,1123,1231,1155,WN,Southwest Airlines Co.,1573,N613SW,68,70,59,36,38,SMF,Sacramento International Airport,BUR,Bob Hope Airport (Hollywood Burbank Airport),358,2,7,0,N,0,0,0,0,0,36,3/1/2019,36,TRUE,SMF-BUR,Friday,FALSE
4,3/1/2019,2141,2249,2155,WN,Southwest Airlines Co.,1853,N384SW,68,70,57,54,56,SMF,Sacramento International Airport,BUR,Bob Hope Airport (Hollywood Burbank Airport),358,3,8,0,N,0,0,0,0,0,54,3/1/2019,54,TRUE,SMF-BUR,Friday,FALSE
4,3/1/2019,2124,2250,2230,WN,Southwest Airlines Co.,446,N645SW,86,80,62,20,14,SMF,Sacramento International Airport,LAS,McCarran International Airport,397,15,9,0,N,0,0,0,6,0,14,3/1/2019,20,TRUE,SMF-LAS,Friday,FALSE
4,3/1/2019,2006,2122,2035,WN,Southwest Airlines Co.,728,N626SW,76,75,63,47,46,SMF,Sacramento International Airport,LAS,McCarran International Airport,397,5,8,0,N,0,0,0,1,0,46,3/1/2019,47,TRUE,SMF-LAS,Friday,FALSE
4,3/1/2019,1832,1942,1925,WN,Southwest Airlines Co.,908,N480WN,70,75,60,17,22,SMF,Sacramento International Airport,LAS,McCarran International Airport,397,3,7,0,N,0,8,0,0,0,9,3/1/2019,17,TRUE,SMF-LAS,Friday,FALSE
4,3/1/2019,1403,1521,1455,WN,Southwest Airlines Co.,1050,N212WN,78,80,64,26,28,SMF,Sacramento International Airport,LAS,McCarran International Airport,397,4,10,0,N,0,22,0,0,0,4,3/1/2019,26,TRUE,SMF-LAS,Friday,FALSE
4,3/1/2019,1544,1659,1635,WN,Southwest Airlines Co.,2192,N313SW,75,75,63,24,24,SMF,Sacramento International Airport,LAS,McCarran International Airport,397,4,8,0,N,0,6,0,0,0,18,3/1/2019,24,TRUE,SMF-LAS,Friday,FALSE
4,3/1/2019,1150,1310,1235,WN,Southwest Airlines Co.,3232,N201LV,80,75,66,35,30,SMF,Sacramento International Airport,LAS,McCarran International Airport,397,6,8,0,N,0,9,0,5,0,21,3/1/2019,35,TRUE,SMF-LAS,Friday,FALSE
4,3/1/2019,1534,1650,1630,WN,Southwest Airlines Co.,71,N312SW,76,80,62,20,24,SMF,Sacramento International Airport,LAX,Los Angeles International Airport,373,6,8,0,N,0,6,0,0,0,14,3/1/2019,20,TRUE,SMF-LAX,Friday,FALSE
4,3/1/2019,1403,1521,1430,WN,Southwest Airlines Co.,73,N331SW,78,80,63,51,53,SMF,Sacramento International Airport,LAX,Los Angeles International Airport,373,1,14,0,N,0,0,0,4,0,47,3/1/2019,51,TRUE,SMF-LAX,Friday,FALSE
4,3/1/2019,1840,1959,1840,WN,Southwest Airlines Co.,386,N718SW,79,80,58,79,80,SMF,Sacramento International Airport,LAX,Los Angeles International Airport,373,10,11,0,N,0,8,0,0,0,71,3/1/2019,79,TRUE,SMF-LAX,Friday,FALSE
4,3/1/2019,1938,2055,2035,WN,Southwest Airlines Co.,2202,N758SW,77,80,60,20,23,SMF,Sacramento International Airport,LAX,Los Angeles International Airport,373,7,10,0,N,0,0,0,0,0,20,3/1/2019,20,TRUE,SMF-LAX,Friday,FALSE
4,3/1/2019,2130,2250,2235,WN,Southwest Airlines Co.,2815,N284WN,80,80,59,15,15,SMF,Sacramento International Airport,LAX,Los Angeles International Airport,373,7,14,0,N,0,14,0,0,0,1,3/1/2019,15,FALSE,SMF-LAX,Friday,FALSE
4,3/1/2019,1636,1759,1730,WN,Southwest Airlines Co.,3588,N732SW,83,80,60,29,26,SMF,Sacramento International Airport,LAX,Los Angeles International Airport,373,9,14,0,N,0,1,0,3,0,25,3/1/2019,29,TRUE,SMF-LAX,Friday,FALSE
4,3/1/2019,1455,2042,1925,WN,Southwest Airlines Co.,567,N765SW,227,235,207,77,85,SMF,Sacramento International Airport,MDW,Chicago Midway International Airport,1790,9,11,0,N,0,14,0,0,0,63,3/1/2019,77,TRUE,SMF-MDW,Friday,FALSE
4,3/1/2019,2240,2355,2240,WN,Southwest Airlines Co.,633,N314SW,75,75,57,75,75,SMF,Sacramento International Airport,ONT,Ontario International Airport,389,4,14,0,N,0,0,0,0,0,75,3/1/2019,75,TRUE,SMF-ONT,Friday,FALSE
4,3/1/2019,1353,1506,1425,WN,Southwest Airlines Co.,1424,N385SW,73,75,61,41,43,SMF,Sacramento International Airport,ONT,Ontario International Airport,389,3,9,0,N,0,19,0,0,0,22,3/1/2019,41,TRUE,SMF-ONT,Friday,FALSE
4,3/1/2019,1609,1723,1705,WN,Southwest Airlines Co.,1496,N600WN,74,75,62,18,19,SMF,Sacramento International Airport,ONT,Ontario International Airport,389,3,9,0,N,0,10,0,0,0,8,3/1/2019,18,TRUE,SMF-ONT,Friday,FALSE
4,3/1/2019,2028,2139,2055,WN,Southwest Airlines Co.,2458,N409WN,71,75,58,44,48,SMF,Sacramento International Airport,ONT,Ontario International Airport,389,4,9,0,N,0,0,0,0,0,44,3/1/2019,44,TRUE,SMF-ONT,Friday,FALSE
4,3/1/2019,2243,2353,2140,WN,Southwest Airlines Co.,2807,N344SW,70,75,58,133,138,SMF,Sacramento International Airport,ONT,Ontario International Airport,389,4,8,0,N,0,0,0,0,0,133,3/1/2019,133,TRUE,SMF-ONT,Friday,FALSE
4,3/1/2019,1732,1848,1825,WN,Southwest Airlines Co.,3659,N321SW,76,75,63,23,22,SMF,Sacramento International Airport,ONT,Ontario International Airport,389,5,8,0,N,0,0,0,1,0,22,3/1/2019,23,TRUE,SMF-ONT,Friday,FALSE
4,3/1/2019,2127,2246,2230,WN,Southwest Airlines Co.,102,N639SW,79,85,68,16,22,SMF,Sacramento International Airport,PDX,Portland International Airport,479,4,7,0,N,0,9,0,0,0,7,3/1/2019,16,TRUE,SMF-PDX,Friday,FALSE
4,3/1/2019,1354,1537,1500,WN,Southwest Airlines Co.,957,N344SW,103,90,66,37,24,SMF,Sacramento International Airport,PDX,Portland International Airport,479,23,14,0,N,0,0,0,13,0,24,3/1/2019,37,TRUE,SMF-PDX,Friday,FALSE
4,3/1/2019,1124,1250,1230,WN,Southwest Airlines Co.,2121,N632SW,86,90,70,20,24,SMF,Sacramento International Airport,PDX,Portland International Airport,479,3,13,0,N,0,11,0,0,0,9,3/1/2019,20,TRUE,SMF-PDX,Friday,FALSE
4,3/1/2019,1722,2010,1915,WN,Southwest Airlines Co.,964,N362SW,108,110,96,55,57,SMF,Sacramento International Airport,PHX,Phoenix Sky Harbor International Airport,647,5,7,0,N,0,9,0,0,0,46,3/1/2019,55,TRUE,SMF-PHX,Friday,FALSE
4,3/1/2019,2131,11,2350,WN,Southwest Airlines Co.,3585,N270WN,100,105,87,21,26,SMF,Sacramento International Airport,PHX,Phoenix Sky Harbor International Airport,647,5,8,0,N,0,20,0,0,0,1,3/1/2019,21,TRUE,SMF-PHX,Friday,FALSE
4,3/1/2019,1819,1942,1925,WN,Southwest Airlines Co.,114,N343SW,83,85,70,17,19,SMF,Sacramento International Airport,SAN,San Diego International Airport (Lindbergh Field),480,3,10,0,N,0,13,0,0,0,4,3/1/2019,17,TRUE,SMF-SAN,Friday,FALSE
4,3/1/2019,1817,1937,1835,WN,Southwest Airlines Co.,151,N750SA,80,85,71,62,67,SMF,Sacramento International Airport,SAN,San Diego International Airport (Lindbergh Field),480,2,7,0,N,0,0,0,0,0,62,3/1/2019,62,TRUE,SMF-SAN,Friday,FALSE
4,3/1/2019,2133,2300,2220,WN,Southwest Airlines Co.,181,N715SW,87,85,70,40,38,SMF,Sacramento International Airport,SAN,San Diego International Airport (Lindbergh Field),480,3,14,0,N,0,3,0,2,0,35,3/1/2019,40,TRUE,SMF-SAN,Friday,FALSE
4,3/1/2019,1219,1349,1325,WN,Southwest Airlines Co.,294,N398SW,90,85,76,24,19,SMF,Sacramento International Airport,SAN,San Diego International Airport (Lindbergh Field),480,6,8,0,N,0,7,0,5,0,12,3/1/2019,24,TRUE,SMF-SAN,Friday,FALSE
4,3/1/2019,1437,1601,1535,WN,Southwest Airlines Co.,410,N327SW,84,85,73,26,27,SMF,Sacramento International Airport,SAN,San Diego International Airport (Lindbergh Field),480,4,7,0,N,0,17,0,0,0,9,3/1/2019,26,TRUE,SMF-SAN,Friday,FALSE
4,3/1/2019,1219,1354,1235,WN,Southwest Airlines Co.,1156,N630WN,95,85,75,79,69,SMF,Sacramento International Airport,SAN,San Diego International Airport (Lindbergh Field),480,8,12,0,N,0,5,0,10,0,64,3/1/2019,79,TRUE,SMF-SAN,Friday,FALSE
4,3/1/2019,2022,2146,2045,WN,Southwest Airlines Co.,1395,N391SW,84,85,73,61,62,SMF,Sacramento International Airport,SAN,San Diego International Airport (Lindbergh Field),480,3,8,0,N,0,6,0,0,0,55,3/1/2019,61,TRUE,SMF-SAN,Friday,FALSE
4,3/1/2019,2156,2318,2255,WN,Southwest Airlines Co.,2467,N770SA,82,85,74,23,26,SMF,Sacramento International Airport,SAN,San Diego International Airport (Lindbergh Field),480,2,6,0,N,0,0,0,0,0,23,3/1/2019,23,TRUE,SMF-SAN,Friday,FALSE
4,3/1/2019,1820,2016,1945,WN,Southwest Airlines Co.,775,N633SW,116,110,98,31,25,SMF,Sacramento International Airport,SEA,Seattle-Tacoma International Airport,605,4,14,0,N,0,12,0,6,0,13,3/1/2019,31,TRUE,SMF-SEA,Friday,FALSE
4,3/1/2019,2033,2215,2200,WN,Southwest Airlines Co.,3600,N686SW,102,110,89,15,23,SMF,Sacramento International Airport,SEA,Seattle-Tacoma International Airport,605,4,9,0,N,0,0,0,3,0,12,3/1/2019,15,FALSE,SMF-SEA,Friday,FALSE
4,3/1/2019,1352,1519,1435,WN,Southwest Airlines Co.,2709,N445WN,87,80,68,44,37,SMF,Sacramento International Airport,SNA,John Wayne Airport (Orange County Airport),404,8,11,0,N,0,25,0,7,0,12,3/1/2019,44,TRUE,SMF-SNA,Friday,FALSE
4,3/1/2019,1613,1735,1655,WN,Southwest Airlines Co.,3072,N727SW,82,80,68,40,38,SMF,Sacramento International Airport,SNA,John Wayne Airport (Orange County Airport),404,4,10,0,N,0,0,0,2,0,38,3/1/2019,40,TRUE,SMF-SNA,Friday,FALSE
4,3/1/2019,2037,2145,2055,WN,Southwest Airlines Co.,486,N264LV,68,65,48,50,47,SNA,John Wayne Airport (Orange County Airport),LAS,McCarran International Airport,226,6,14,0,N,0,0,0,3,0,47,3/1/2019,50,TRUE,SNA-LAS,Friday,FALSE
4,3/1/2019,1030,1139,1110,WN,Southwest Airlines Co.,693,N232WN,69,65,48,29,25,SNA,John Wayne Airport (Orange County Airport),LAS,McCarran International Airport,226,7,14,0,N,0,0,0,29,0,0,3/1/2019,29,TRUE,SNA-LAS,Friday,FALSE
4,3/1/2019,2016,2143,2120,WN,Southwest Airlines Co.,2093,N241WN,87,80,74,23,16,SNA,John Wayne Airport (Orange County Airport),OAK,Oakland International Airport,371,5,8,0,N,0,9,0,7,0,7,3/1/2019,23,TRUE,SNA-OAK,Friday,FALSE
4,3/1/2019,1539,1706,1625,WN,Southwest Airlines Co.,2796,N445WN,87,80,76,41,34,SNA,John Wayne Airport (Orange County Airport),OAK,Oakland International Airport,371,3,8,0,N,0,0,0,7,0,34,3/1/2019,41,TRUE,SNA-OAK,Friday,FALSE
4,3/1/2019,1752,1920,1855,WN,Southwest Airlines Co.,3159,N727SW,88,85,71,25,22,SNA,John Wayne Airport (Orange County Airport),OAK,Oakland International Airport,371,4,13,0,N,0,0,0,3,0,22,3/1/2019,25,TRUE,SNA-OAK,Friday,FALSE
4,3/1/2019,1253,1421,1355,WN,Southwest Airlines Co.,3776,N270WN,88,85,73,26,23,SNA,John Wayne Airport (Orange County Airport),OAK,Oakland International Airport,371,5,10,0,N,0,23,0,3,0,0,3/1/2019,26,TRUE,SNA-OAK,Friday,FALSE
4,3/1/2019,1627,1752,1720,WN,Southwest Airlines Co.,3853,N434WN,85,85,77,32,32,SNA,John Wayne Airport (Orange County Airport),OAK,Oakland International Airport,371,5,3,0,N,0,0,0,0,0,32,3/1/2019,32,TRUE,SNA-OAK,Friday,FALSE
4,3/1/2019,1850,2004,1930,WN,Southwest Airlines Co.,192,N292WN,74,75,61,34,35,SNA,John Wayne Airport (Orange County Airport),SJC,Norman Y. Mineta San José International Airport,342,3,10,0,N,0,0,0,0,0,34,3/1/2019,34,TRUE,SNA-SJC,Friday,FALSE
4,3/1/2019,1626,1736,1710,WN,Southwest Airlines Co.,1413,N706SW,70,75,60,26,31,SNA,John Wayne Airport (Orange County Airport),SJC,Norman Y. Mineta San José International Airport,342,4,6,0,N,0,0,0,1,0,25,3/1/2019,26,TRUE,SNA-SJC,Friday,FALSE
4,3/1/2019,2044,2213,2145,WN,Southwest Airlines Co.,1935,N422WN,89,75,72,28,14,SNA,John Wayne Airport (Orange County Airport),SJC,Norman Y. Mineta San José International Airport,342,4,13,0,N,0,0,0,14,0,14,3/1/2019,28,TRUE,SNA-SJC,Friday,FALSE
4,3/1/2019,1511,1623,1520,WN,Southwest Airlines Co.,1941,N758SW,72,75,58,63,66,SNA,John Wayne Airport (Orange County Airport),SJC,Norman Y. Mineta San José International Airport,342,3,11,0,N,0,0,0,0,0,63,3/1/2019,63,TRUE,SNA-SJC,Friday,FALSE
4,3/1/2019,1249,1415,1305,WN,Southwest Airlines Co.,970,N765SW,86,85,71,70,69,SNA,John Wayne Airport (Orange County Airport),SMF,Sacramento International Airport,404,5,10,0,N,0,0,0,1,0,69,3/1/2019,70,TRUE,SNA-SMF,Friday,FALSE
4,3/1/2019,1804,1921,1855,WN,Southwest Airlines Co.,2115,N758SW,77,85,66,26,34,SNA,John Wayne Airport (Orange County Airport),SMF,Sacramento International Airport,404,3,8,0,N,0,0,0,0,0,26,3/1/2019,26,TRUE,SNA-SMF,Friday,FALSE
4,3/1/2019,1442,1610,1545,WN,Southwest Airlines Co.,3501,N732SW,88,85,69,25,22,SNA,John Wayne Airport (Orange County Airport),SMF,Sacramento International Airport,404,5,14,0,N,0,0,0,3,0,22,3/1/2019,25,TRUE,SNA-SMF,Friday,FALSE
4,3/1/2019,1730,1848,1730,WN,Southwest Airlines Co.,2205,N675AA,78,75,62,78,75,STL,St. Louis International Airport at Lambert Field,BHM,Birmingham-Shuttlesworth International Airport,410,3,13,0,N,0,75,0,3,0,0,3/1/2019,78,TRUE,STL-BHM,Friday,FALSE
4,3/1/2019,1915,2219,2105,WN,Southwest Airlines Co.,86,N680AA,124,115,108,74,65,STL,St. Louis International Airport at Lambert Field,BWI,Baltimore-Washington International Airport,737,5,11,0,N,0,38,0,9,0,27,3/1/2019,74,TRUE,STL-BWI,Friday,FALSE
4,3/1/2019,1445,1744,1715,WN,Southwest Airlines Co.,406,N371SW,119,115,103,29,25,STL,St. Louis International Airport at Lambert Field,BWI,Baltimore-Washington International Airport,737,5,11,0,N,0,7,0,4,0,18,3/1/2019,29,TRUE,STL-BWI,Friday,FALSE
4,3/1/2019,2202,45,2350,WN,Southwest Airlines Co.,1156,N630WN,103,110,91,55,62,STL,St. Louis International Airport at Lambert Field,BWI,Baltimore-Washington International Airport,737,4,8,0,N,0,0,0,0,0,55,3/1/2019,55,TRUE,STL-BWI,Friday,FALSE
4,3/1/2019,1656,1908,1825,WN,Southwest Airlines Co.,283,N213WN,72,75,57,43,46,STL,St. Louis International Airport at Lambert Field,CMH,Port Columbus International Airport,410,5,10,0,N,0,3,0,0,0,40,3/1/2019,43,TRUE,STL-CMH,Friday,FALSE
4,3/1/2019,1258,1429,1310,WN,Southwest Airlines Co.,29,N652SW,91,105,79,79,93,STL,St. Louis International Airport at Lambert Field,DAL,Dallas Love Field,546,3,9,0,N,0,2,0,0,0,77,3/1/2019,79,TRUE,STL-DAL,Friday,FALSE
